id,label,source,text,pattern_tags,notes
S00861,scam,news_sample,Bank blocked your account. Call immediate on +918964127489 and share OTP to reactivate.,,
L00354,legit,govt_service,"Alert: A login to your netbanking from new device on 6/5/2025. If not you, call +918195594672.",,
S00334,scam,honeypot,Pay INR 499 as token to release your prize. Pay here: http://secure-pay.in/e3poch,phishing_link,
L00906,legit,govt_service,Your account XXXX3414 has been credited with INR 1500 by NEFT. Ref: TNDJJO9NIF.,txn|reference,
S00290,scam,honeypot,Someone sent you INR 250. Accept collect request at pay74@upi to receive funds.,collect_request,
S00274,scam,synthetic,Install this app http://example.com/w3ciaq to get a refund from ICICI.,phishing_link|refund_scam,
L00939,legit,payment_app,Your ECS mandate for INR 12345 with BigBasket is registered. Mandate ID: RPK9VO8PM4.,,
S00732,scam,news_sample,Rs 100 credited. Please refund INR 1025 to confirm identity: http://secure-pay.in/2sj2ji,phishing_link|refund_scam,
L00066,legit,merchant_txn,Your OTP for transaction of INR 5000 at BookMyShow is 648410. Do not share it with anyone.,otp,
S00324,scam,honeypot,Rs 199 credited. Please refund INR 2429 to confirm identity: http://secure-pay.in/kjvzmo,phishing_link|refund_scam,
L00057,legit,payment_app,Your account XXXX6693 has been credited with INR 12345 by NEFT. Ref: Z3V6DIXFWU.,txn|reference,
S00293,scam,crowd_report,Pay INR 5000 as token to release your prize. Pay here: http://refund-now.in/adluvj,phishing_link|refund_scam,
S00119,scam,honeypot,Pay INR 499 as token to release your prize. Pay here: http://bit.ly/4lk514,phishing_link,
L00585,legit,govt_service,Your KYC for Electricity is completed successfully.,,
L00375,legit,bank_dlt_template,Payment of INR 999 to ICICI using UPI was successful. Txn ID: CYLTM9R6MG.,reference,
L00276,legit,govt_service,"Dear Customer, your bill of INR 499 for Internet is due on 15/11/2025. Pay at: http://refund-now.in/mtfle1",reference,
L00747,legit,govt_service,"Alert: A login to your netbanking from new device on 2/8/2025. If not you, call +919527985142.",,
L00129,legit,bank_dlt_template,Your a/c ending XXXX7729 is debited by INR 199 on 19/6/2025. Avl bal: INR 4485.,txn|balance,
S00647,scam,crowd_report,Your UPI refund of INR 199 is pending. Enter OTP 750782 to confirm refund: http://tinyurl.com/d25p10,phishing_link|refund_scam|otp_request,
S00853,scam,news_sample,This is Support from Amazon. Send me the OTP you received to approve payment.,,
L00675,legit,govt_service,"Dear Customer, your bill of INR 199 for Mobile is due on 5/8/2025. Pay at: http://example.com/v4fygw",,
S00665,scam,synthetic,Rs 999 credited. Please refund INR 5123 to confirm identity: http://bit.ly/vfj1l0,phishing_link|refund_scam,
S00982,scam,news_sample,Someone sent you INR 199. Accept collect request at collect92@upi to receive funds.,collect_request,
S00084,scam,honeypot,Someone sent you INR 1500. Accept collect request at refund29@upi to receive funds.,refund_scam|collect_request,
S00923,scam,honeypot,Your payment failed. Retry here: http://refund-now.in/a4klni and enter the OTP to complete.,phishing_link|refund_scam|otp_request,
L00100,legit,payment_app,You have received INR 12345 from Vijay into your UPI ID pay81@upi.,,
S00180,scam,synthetic,Congrats! You've won cashback INR 100. Click http://bit.ly/urcman to claim now.,phishing_link,
L00965,legit,payment_app,Payment of INR 999 to BookMyShow using UPI was successful. Txn ID: RL7GJCML88.,reference,
L00793,legit,merchant_txn,"Dear Customer, your bill of INR 999 for Gas is due on 5/7/2025. Pay at: http://bit.ly/sea1af",,
L00030,legit,payment_app,Your KYC for Electricity is completed successfully.,,
L00629,legit,govt_service,"Alert: A login to your netbanking from new device on 28/5/2025. If not you, call +916924624754.",,
L00945,legit,govt_service,Your a/c ending XXXX0879 is debited by INR 100 on 23/2/2025. Avl bal: INR 75096.,txn|balance,
L00573,legit,bank_dlt_template,Your KYC for Gas is completed successfully.,,
L00908,legit,merchant_txn,Your account XXXX4880 has been credited with INR 5000 by NEFT. Ref: 70LGRPZRXE.,txn|reference,
S00081,scam,honeypot,Congrats! You've won cashback INR 1500. Click http://secure-pay.in/ilgk0x to claim now.,phishing_link,
L00451,legit,govt_service,You have received INR 100 from Ramesh into your UPI ID refund78@upi.,reference,
S00610,scam,news_sample,Install this app http://bit.ly/dvrfus to get a refund from Zomato.,phishing_link|refund_scam,
S00291,scam,news_sample,Pay INR 999 as token to release your prize. Pay here: http://bit.ly/tiks4e,phishing_link,
S00079,scam,synthetic,Someone sent you INR 5000. Accept collect request at id86@upi to receive funds.,collect_request,
L00255,legit,govt_service,Payment of INR 5000 to SBI using UPI was successful. Txn ID: VTKH861PQI.,reference,
L00125,legit,bank_dlt_template,"Dear Customer, your bill of INR 499 for Internet is due on 23/5/2025. Pay at: http://refund-now.in/uwolkg",reference,
S00928,scam,news_sample,This is Support from Axis Bank. Send me the OTP you received to approve payment.,,
L00252,legit,bank_dlt_template,Your KYC for Gas is completed successfully.,,
L00586,legit,govt_service,"Alert: A login to your netbanking from new device on 14/12/2025. If not you, call +917217021963.",,
S00569,scam,honeypot,This is Admin from Amazon. Send me the OTP you received to approve payment.,,
L00825,legit,payment_app,Your ECS mandate for INR 250 with PaytmMall is registered. Mandate ID: UEY6EMDF3J.,,
L00508,legit,govt_service,You have received INR 12345 from Ramesh into your UPI ID id77@upi.,,
L00890,legit,payment_app,Your ECS mandate for INR 5000 with Zomato is registered. Mandate ID: RUDBRSIV34.,,
L00071,legit,govt_service,Your OTP for transaction of INR 250 at Flipkart is 950069. Do not share it with anyone.,otp,
S00609,scam,honeypot,Install this app http://refund-now.in/1fi14p to get a refund from PaytmMall.,phishing_link|refund_scam,
S00533,scam,news_sample,Congrats! You've won cashback INR 50. Click http://refund-now.in/dvatcu to claim now.,phishing_link|refund_scam,
L00248,legit,payment_app,Payment of INR 50 to Amazon using UPI was successful. Txn ID: T8PJ2JRIG5.,reference,
S00451,scam,synthetic,This is Support from Zomato. Send me the OTP you received to approve payment.,,
L00213,legit,govt_service,"Alert: A login to your netbanking from new device on 6/7/2025. If not you, call +910029915786.",,
L00910,legit,payment_app,You have received INR 5000 from Priya into your UPI ID refund71@upi.,reference,
S00742,scam,crowd_report,This is Admin from BookMyShow. Send me the OTP you received to approve payment.,,
S00245,scam,honeypot,Pay INR 999 as token to release your prize. Pay here: http://tinyurl.com/aojkv2,phishing_link,
S00697,scam,honeypot,Your payment failed. Retry here: http://secure-pay.in/ctwsrk and enter the OTP to complete.,phishing_link,
S00183,scam,synthetic,Congrats! You've won cashback INR 5000. Click http://refund-now.in/fm504j to claim now.,phishing_link|refund_scam,
L00362,legit,govt_service,Txn of INR 100 to Priya is successful. Ref: ITMAF9H3FH.,reference,
S00474,scam,synthetic,This is Admin from SBI. Send me the OTP you received to approve payment.,,
L00679,legit,bank_dlt_template,You have received INR 250 from Ramesh into your UPI ID refund46@upi.,reference,
S00622,scam,honeypot,Your UPI refund of INR 999 is pending. Enter OTP 117542 to confirm refund: http://bit.ly/1gkjia,phishing_link|refund_scam|otp_request,
S00090,scam,honeypot,Bank blocked your account. Call immediate on +914931644014 and share OTP to reactivate.,,
S00988,scam,synthetic,Pay INR 999 as token to release your prize. Pay here: http://tinyurl.com/2lmqv2,phishing_link,
S00848,scam,synthetic,Bank blocked your account. Call immediate on +916143573162 and share OTP to reactivate.,,
L00988,legit,merchant_txn,Your ECS mandate for INR 999 with Amazon is registered. Mandate ID: 5GHXCX8G4X.,,
S00513,scam,synthetic,Congrats! You've won cashback INR 499. Click http://tinyurl.com/b0kkkm to claim now.,phishing_link,
L00112,legit,bank_dlt_template,You have received INR 199 from Priya into your UPI ID id50@upi.,,
S00488,scam,synthetic,We detected unauthorised activity. Share your UPI PIN to secure your account.,,
S00454,scam,crowd_report,Install this app http://bit.ly/omtrn1 to get a refund from BookMyShow.,phishing_link|refund_scam,
L00384,legit,merchant_txn,Your OTP for transaction of INR 50 at ICICI is 592932. Do not share it with anyone.,otp,
S00396,scam,synthetic,Someone sent you INR 499. Accept collect request at pay43@upi to receive funds.,collect_request,
S00055,scam,honeypot,Your payment failed. Retry here: http://tinyurl.com/kyhswm and enter the OTP to complete.,phishing_link,
L00756,legit,bank_dlt_template,Payment of INR 1500 to Flipkart using UPI was successful. Txn ID: 859TXADN2T.,reference,
L00325,legit,bank_dlt_template,Your KYC for Electricity is completed successfully.,,
S00624,scam,honeypot,Pay INR 499 as token to release your prize. Pay here: http://example.com/mmgjsa,phishing_link,
L00788,legit,merchant_txn,Your a/c ending XXXX1463 is debited by INR 100 on 16/9/2025. Avl bal: INR 90913.,txn|balance,
L00369,legit,merchant_txn,Payment of INR 250 to SBI using UPI was successful. Txn ID: 78LZGM8DTC.,reference,
S00820,scam,news_sample,Rs 100 credited. Please refund INR 937 to confirm identity: http://bit.ly/j2iq0e,phishing_link|refund_scam,
L00070,legit,merchant_txn,Your ECS mandate for INR 100 with BookMyShow is registered. Mandate ID: 7B7P0RNPM6.,,
L00858,legit,payment_app,Your a/c ending XXXX7182 is debited by INR 100 on 16/1/2025. Avl bal: INR 27509.,txn|balance,
S00484,scam,crowd_report,We detected unauthorised activity. Share your UPI PIN to secure your account.,,
S00556,scam,news_sample,Bank blocked your account. Call immediate on +917663378798 and share OTP to reactivate.,,
S00692,scam,honeypot,Install this app http://bit.ly/hoa52i to get a refund from Axis Bank.,phishing_link|refund_scam,
S00475,scam,honeypot,Install this app http://tinyurl.com/lye0sl to get a refund from Amazon.,phishing_link|refund_scam,
S00799,scam,synthetic,Rs 199 credited. Please refund INR 1184 to confirm identity: http://secure-pay.in/n4yh0p,phishing_link|refund_scam,
L00479,legit,payment_app,Your KYC for Electricity is completed successfully.,,
L00282,legit,govt_service,Your account XXXX3192 has been credited with INR 50 by NEFT. Ref: 5Z08N10HLI.,txn|reference,
S00648,scam,news_sample,Pay INR 50 as token to release your prize. Pay here: http://refund-now.in/zu23xj,phishing_link|refund_scam,
S00557,scam,honeypot,Install this app http://tinyurl.com/4ipch1 to get a refund from BigBasket.,phishing_link|refund_scam,
S00730,scam,news_sample,Congrats! You've won cashback INR 1500. Click http://refund-now.in/ugbw34 to claim now.,phishing_link|refund_scam,
L00211,legit,govt_service,Your account XXXX5767 has been credited with INR 999 by NEFT. Ref: 6CP7SAVZEB.,txn|reference,
L00298,legit,govt_service,Your account XXXX0164 has been credited with INR 50 by NEFT. Ref: YDA9ALL2UN.,txn|reference,
S00885,scam,synthetic,Congrats! You've won cashback INR 50. Click http://refund-now.in/tlhah1 to claim now.,phishing_link|refund_scam,
S00834,scam,honeypot,Pay INR 100 as token to release your prize. Pay here: http://example.com/tfrtre,phishing_link,
L00652,legit,govt_service,You have received INR 1500 from Priya into your UPI ID collect24@upi.,,
S00234,scam,synthetic,Rs 1500 credited. Please refund INR 740 to confirm identity: http://bit.ly/m2oua2,phishing_link|refund_scam,
S00503,scam,news_sample,We detected unauthorised activity. Share your UPI PIN to secure your account.,,
S00932,scam,crowd_report,We detected unauthorised activity. Share your UPI PIN to secure your account.,,
L00917,legit,payment_app,"Alert: A login to your netbanking from new device on 26/7/2025. If not you, call +910470211842.",,
L00994,legit,payment_app,Txn of INR 250 to Rahul is successful. Ref: MTTTQWH40W.,reference,
L00430,legit,govt_service,Your ECS mandate for INR 199 with PaytmMall is registered. Mandate ID: 99FFZADVJF.,,
S00371,scam,news_sample,Bank blocked your account. Call immediate on +916057921912 and share OTP to reactivate.,,
L00240,legit,payment_app,Txn of INR 1500 to Rahul is successful. Ref: KEOUBXXQ6M.,reference,
L00880,legit,govt_service,"Dear Customer, your bill of INR 100 for Electricity is due on 28/9/2025. Pay at: http://refund-now.in/m2wskz",reference,
L00621,legit,merchant_txn,Txn of INR 999 to Asha is successful. Ref: LM2LW7ZRTQ.,reference,
L00257,legit,govt_service,Your a/c ending XXXX7707 is debited by INR 499 on 18/10/2025. Avl bal: INR 20002.,txn|balance,
L00612,legit,govt_service,Your account XXXX2568 has been credited with INR 199 by NEFT. Ref: 53ALJD70Y6.,txn|reference,
L00545,legit,bank_dlt_template,Your KYC for Gas is completed successfully.,,
L00772,legit,payment_app,Txn of INR 499 to Priya is successful. Ref: YHXHI7CYRB.,reference,
S00420,scam,honeypot,Install this app http://example.com/3ztox3 to get a refund from Flipkart.,phishing_link|refund_scam,
S00042,scam,news_sample,Pay INR 999 as token to release your prize. Pay here: http://secure-pay.in/3r0upp,phishing_link,
S00790,scam,synthetic,Rs 100 credited. Please refund INR 12927 to confirm identity: http://refund-now.in/zvq1f1,phishing_link|refund_scam,
L00760,legit,payment_app,You have received INR 1500 from Rahul into your UPI ID refund62@upi.,reference,
L00383,legit,govt_service,Your ECS mandate for INR 250 with BookMyShow is registered. Mandate ID: MIT72723BA.,,
S00104,scam,honeypot,This is Support from ICICI. Send me the OTP you received to approve payment.,,
L00974,legit,bank_dlt_template,"Dear Customer, your bill of INR 50 for Mobile is due on 14/2/2025. Pay at: http://secure-pay.in/eg3zml",,
L00353,legit,bank_dlt_template,Payment of INR 5000 to BigBasket using UPI was successful. Txn ID: XZA43HOLDU.,reference,
S00606,scam,crowd_report,Bank blocked your account. Call immediate on +911324945079 and share OTP to reactivate.,,
S00826,scam,honeypot,Bank blocked your account. Call immediate on +915216245718 and share OTP to reactivate.,,
S00037,scam,honeypot,Someone sent you INR 5000. Accept collect request at collect71@upi to receive funds.,collect_request,
S00108,scam,honeypot,Your payment failed. Retry here: http://tinyurl.com/gpqjp2 and enter the OTP to complete.,phishing_link,
L00495,legit,govt_service,Your account XXXX5315 has been credited with INR 12345 by NEFT. Ref: T3T9LP2E2A.,txn|reference,
L00394,legit,merchant_txn,You have received INR 499 from Vijay into your UPI ID id15@upi.,,
S00547,scam,honeypot,Congrats! You've won cashback INR 50. Click http://bit.ly/w4hqbc to claim now.,phishing_link,
L00465,legit,merchant_txn,Your OTP for transaction of INR 499 at Zomato is 719338. Do not share it with anyone.,otp,
L00887,legit,bank_dlt_template,Your a/c ending XXXX3325 is debited by INR 50 on 25/1/2025. Avl bal: INR 74163.,txn|balance,
S00194,scam,synthetic,Rs 999 credited. Please refund INR 1003 to confirm identity: http://secure-pay.in/rfkwjk,phishing_link|refund_scam,
L00367,legit,govt_service,Txn of INR 250 to Vijay is successful. Ref: FV14J643F1.,reference,
S00894,scam,synthetic,Pay INR 999 as token to release your prize. Pay here: http://example.com/w22elq,phishing_link,
S00874,scam,crowd_report,Pay INR 100 as token to release your prize. Pay here: http://bit.ly/ualemc,phishing_link,
L00745,legit,merchant_txn,Your KYC for Mobile is completed successfully.,,
L00530,legit,govt_service,Your KYC for Electricity is completed successfully.,,
L00803,legit,merchant_txn,"Dear Customer, your bill of INR 999 for Gas is due on 27/4/2025. Pay at: http://secure-pay.in/znaim0",,
S00224,scam,crowd_report,Install this app http://bit.ly/qkhoab to get a refund from Flipkart.,phishing_link|refund_scam,
S00979,scam,news_sample,This is Admin from BigBasket. Send me the OTP you received to approve payment.,,
S00906,scam,synthetic,Someone sent you INR 250. Accept collect request at collect41@upi to receive funds.,collect_request,
S00700,scam,news_sample,Congrats! You've won cashback INR 5000. Click http://example.com/wghas1 to claim now.,phishing_link,
S00545,scam,synthetic,This is CustomerCare from Amazon. Send me the OTP you received to approve payment.,,
S00314,scam,honeypot,This is Support from Amazon. Send me the OTP you received to approve payment.,,
L00307,legit,merchant_txn,Txn of INR 5000 to Rahul is successful. Ref: ENNGAY37VG.,reference,
S00667,scam,news_sample,Pay INR 250 as token to release your prize. Pay here: http://refund-now.in/mmenre,phishing_link|refund_scam,
L00863,legit,govt_service,Payment of INR 499 to BigBasket using UPI was successful. Txn ID: Q2XAQGSAIX.,reference,
S00567,scam,crowd_report,Rs 50 credited. Please refund INR 452 to confirm identity: http://secure-pay.in/psxh4u,phishing_link|refund_scam,
L00531,legit,merchant_txn,Your OTP for transaction of INR 100 at SBI is 797290. Do not share it with anyone.,otp,
L00655,legit,merchant_txn,Payment of INR 5000 to SBI using UPI was successful. Txn ID: AHNYRVFONT.,reference,
S00260,scam,synthetic,Your payment failed. Retry here: http://bit.ly/44gjky and enter the OTP to complete.,phishing_link,
L00234,legit,payment_app,You have received INR 100 from Rahul into your UPI ID collect70@upi.,,
L00121,legit,bank_dlt_template,Your KYC for Internet is completed successfully.,,
S00698,scam,crowd_report,Install this app http://tinyurl.com/yvw243 to get a refund from Zomato.,phishing_link|refund_scam,
L00950,legit,bank_dlt_template,Your account XXXX6788 has been credited with INR 100 by NEFT. Ref: MOETO04TFR.,txn|reference,
L00618,legit,govt_service,Your KYC for Electricity is completed successfully.,,
S00179,scam,news_sample,Congrats! You've won cashback INR 499. Click http://bit.ly/nbvzvx to claim now.,phishing_link,
L00308,legit,bank_dlt_template,Your account XXXX0890 has been credited with INR 5000 by NEFT. Ref: XZJ9MJ9XXL.,txn|reference,
L00136,legit,bank_dlt_template,Your KYC for Electricity is completed successfully.,,
L00555,legit,payment_app,You have received INR 12345 from Rahul into your UPI ID collect80@upi.,,
S00674,scam,synthetic,Bank blocked your account. Call immediate on +913984418618 and share OTP to reactivate.,,
L00584,legit,merchant_txn,"Dear Customer, your bill of INR 250 for Electricity is due on 11/9/2025. Pay at: http://secure-pay.in/tyvv0y",,
S00641,scam,honeypot,Your UPI refund of INR 50 is pending. Enter OTP 518345 to confirm refund: http://refund-now.in/rcrucv,phishing_link|refund_scam|otp_request,
L00671,legit,bank_dlt_template,"Dear Customer, your bill of INR 1500 for Mobile is due on 20/5/2025. Pay at: http://tinyurl.com/a2vv2u",,
L00835,legit,bank_dlt_template,"Dear Customer, your bill of INR 12345 for Gas is due on 19/6/2025. Pay at: http://example.com/cfk0rj",,
L00110,legit,merchant_txn,Your ECS mandate for INR 199 with Axis Bank is registered. Mandate ID: 0J36TCFKJN.,,
S00165,scam,crowd_report,Rs 50 credited. Please refund INR 1053 to confirm identity: http://tinyurl.com/dkbf3r,phishing_link|refund_scam,
S00960,scam,honeypot,Install this app http://refund-now.in/5pdcf1 to get a refund from Axis Bank.,phishing_link|refund_scam,
S00465,scam,news_sample,Congrats! You've won cashback INR 199. Click http://bit.ly/v2fpl2 to claim now.,phishing_link,
S00729,scam,crowd_report,Install this app http://secure-pay.in/rjpbvn to get a refund from BookMyShow.,phishing_link|refund_scam,
S00243,scam,synthetic,Congrats! You've won cashback INR 1500. Click http://tinyurl.com/5r4xqs to claim now.,phishing_link,
L00212,legit,govt_service,Payment of INR 50 to PaytmMall using UPI was successful. Txn ID: J2XI3TAMVN.,reference,
S00768,scam,synthetic,Someone sent you INR 12345. Accept collect request at id93@upi to receive funds.,collect_request,
S00121,scam,honeypot,Your payment failed. Retry here: http://bit.ly/wplrxl and enter the OTP to complete.,phishing_link,
L00680,legit,payment_app,Your ECS mandate for INR 100 with BigBasket is registered. Mandate ID: LBIMNZ9B9B.,,
S00951,scam,honeypot,Bank blocked your account. Call immediate on +914457157332 and share OTP to reactivate.,,
S00839,scam,crowd_report,Install this app http://refund-now.in/3vpmpl to get a refund from Axis Bank.,phishing_link|refund_scam,
L00412,legit,bank_dlt_template,Your a/c ending XXXX0415 is debited by INR 5000 on 23/5/2025. Avl bal: INR 39365.,txn|balance,
S00325,scam,news_sample,Congrats! You've won cashback INR 12345. Click http://bit.ly/yqhus5 to claim now.,phishing_link,
L00783,legit,bank_dlt_template,Your a/c ending XXXX1054 is debited by INR 100 on 8/1/2025. Avl bal: INR 56721.,txn|balance,
S00346,scam,honeypot,Pay INR 100 as token to release your prize. Pay here: http://secure-pay.in/vb3x2p,phishing_link,
L00875,legit,payment_app,You have received INR 5000 from Asha into your UPI ID refund93@upi.,reference,
S00653,scam,honeypot,Your UPI refund of INR 199 is pending. Enter OTP 195955 to confirm refund: http://bit.ly/orchnm,phishing_link|refund_scam|otp_request,
S00279,scam,synthetic,Congrats! You've won cashback INR 250. Click http://bit.ly/ieo5qt to claim now.,phishing_link,
L00786,legit,govt_service,Your OTP for transaction of INR 12345 at SBI is 335745. Do not share it with anyone.,otp,
S00819,scam,synthetic,We detected unauthorised activity. Share your UPI PIN to secure your account.,,
S00199,scam,news_sample,Rs 199 credited. Please refund INR 887 to confirm identity: http://refund-now.in/j0hktq,phishing_link|refund_scam,
L00808,legit,govt_service,"Alert: A login to your netbanking from new device on 17/8/2025. If not you, call +916399948628.",,
L00713,legit,payment_app,Your OTP for transaction of INR 999 at BigBasket is 280839. Do not share it with anyone.,otp,
S00991,scam,crowd_report,Rs 1500 credited. Please refund INR 616 to confirm identity: http://refund-now.in/e4r0jh,phishing_link|refund_scam,
S00660,scam,honeypot,Pay INR 100 as token to release your prize. Pay here: http://bit.ly/ukj1r1,phishing_link,
S00191,scam,crowd_report,Someone sent you INR 199. Accept collect request at id54@upi to receive funds.,collect_request,
S00226,scam,synthetic,Your payment failed. Retry here: http://example.com/qmnec1 and enter the OTP to complete.,phishing_link,
L00603,legit,merchant_txn,"Dear Customer, your bill of INR 499 for Mobile is due on 17/10/2025. Pay at: http://secure-pay.in/kidrgb",,
L00271,legit,payment_app,Txn of INR 100 to Ramesh is successful. Ref: 9WT2YBUH7J.,reference,
S00385,scam,honeypot,Congrats! You've won cashback INR 100. Click http://secure-pay.in/4fatfv to claim now.,phishing_link,
L00232,legit,merchant_txn,Your ECS mandate for INR 100 with BigBasket is registered. Mandate ID: ZM4IX4ZCRH.,,
L00050,legit,payment_app,You have received INR 12345 from Priya into your UPI ID collect36@upi.,,
L00463,legit,merchant_txn,"Alert: A login to your netbanking from new device on 10/7/2025. If not you, call +919906519014.",,
S00106,scam,honeypot,Pay INR 50 as token to release your prize. Pay here: http://refund-now.in/mq2xm4,phishing_link|refund_scam,
L00856,legit,merchant_txn,"Alert: A login to your netbanking from new device on 4/9/2025. If not you, call +917117422804.",,
L00694,legit,payment_app,You have received INR 100 from Vijay into your UPI ID refund98@upi.,reference,
S00552,scam,news_sample,Your UPI refund of INR 499 is pending. Enter OTP 452516 to confirm refund: http://bit.ly/e2al5u,phishing_link|refund_scam|otp_request,
S00873,scam,news_sample,Your UPI refund of INR 999 is pending. Enter OTP 924025 to confirm refund: http://example.com/ge5d1n,phishing_link|refund_scam|otp_request,
L00527,legit,payment_app,Your OTP for transaction of INR 100 at Zomato is 831809. Do not share it with anyone.,otp,
L00174,legit,bank_dlt_template,Txn of INR 250 to Vijay is successful. Ref: VR1NECQORO.,reference,
L00721,legit,merchant_txn,"Alert: A login to your netbanking from new device on 22/8/2025. If not you, call +911725229437.",,
L00415,legit,govt_service,You have received INR 250 from Asha into your UPI ID id17@upi.,,
L00238,legit,payment_app,You have received INR 50 from Vijay into your UPI ID collect16@upi.,,
S00473,scam,honeypot,This is Support from BigBasket. Send me the OTP you received to approve payment.,,
S00336,scam,news_sample,Your UPI refund of INR 1500 is pending. Enter OTP 433059 to confirm refund: http://secure-pay.in/1wdnmn,phishing_link|refund_scam|otp_request,
S00064,scam,news_sample,Bank blocked your account. Call immediate on +916836321511 and share OTP to reactivate.,,
L00024,legit,govt_service,"Alert: A login to your netbanking from new device on 13/1/2025. If not you, call +914665891208.",,
S00767,scam,crowd_report,Rs 12345 credited. Please refund INR 1742 to confirm identity: http://tinyurl.com/toiqos,phishing_link|refund_scam,
L00064,legit,payment_app,Your KYC for Internet is completed successfully.,,
L00290,legit,payment_app,You have received INR 5000 from Priya into your UPI ID id28@upi.,,
L00189,legit,bank_dlt_template,Your OTP for transaction of INR 1500 at BigBasket is 565553. Do not share it with anyone.,otp,
L00702,legit,govt_service,Payment of INR 12345 to BookMyShow using UPI was successful. Txn ID: HVYPGQTDRK.,reference,
S00815,scam,news_sample,Congrats! You've won cashback INR 499. Click http://secure-pay.in/gvavue to claim now.,phishing_link,
S00138,scam,synthetic,Someone sent you INR 12345. Accept collect request at id92@upi to receive funds.,collect_request,
L00355,legit,bank_dlt_template,Your a/c ending XXXX0850 is debited by INR 250 on 18/9/2025. Avl bal: INR 11053.,txn|balance,
L00417,legit,merchant_txn,Your KYC for Electricity is completed successfully.,,
S00246,scam,honeypot,We detected unauthorised activity. Share your UPI PIN to secure your account.,,
L00931,legit,bank_dlt_template,Your OTP for transaction of INR 1500 at Axis Bank is 939628. Do not share it with anyone.,otp,
L00197,legit,govt_service,Txn of INR 1500 to Rahul is successful. Ref: 0KHFSU4SE2.,reference,
L00580,legit,bank_dlt_template,Your OTP for transaction of INR 499 at Amazon is 910765. Do not share it with anyone.,otp,
S00135,scam,news_sample,We detected unauthorised activity. Share your UPI PIN to secure your account.,,
S00814,scam,synthetic,Someone sent you INR 1500. Accept collect request at pay80@upi to receive funds.,collect_request,
S00935,scam,crowd_report,Pay INR 12345 as token to release your prize. Pay here: http://example.com/2gpczg,phishing_link,
L00434,legit,bank_dlt_template,Your OTP for transaction of INR 199 at ICICI is 688526. Do not share it with anyone.,otp,
L00101,legit,bank_dlt_template,Your KYC for Gas is completed successfully.,,
S00655,scam,synthetic,Your payment failed. Retry here: http://bit.ly/e3mh3p and enter the OTP to complete.,phishing_link,
L00395,legit,bank_dlt_template,Your KYC for Gas is completed successfully.,,
S00939,scam,synthetic,This is Admin from Amazon. Send me the OTP you received to approve payment.,,
L00221,legit,govt_service,"Alert: A login to your netbanking from new device on 3/4/2025. If not you, call +916345811193.",,
S00676,scam,honeypot,Install this app http://refund-now.in/qpxoo2 to get a refund from Zomato.,phishing_link|refund_scam,
S00498,scam,news_sample,Bank blocked your account. Call immediate on +914317886990 and share OTP to reactivate.,,
S00785,scam,honeypot,Your payment failed. Retry here: http://tinyurl.com/kt0o24 and enter the OTP to complete.,phishing_link,
L00345,legit,bank_dlt_template,Txn of INR 199 to Priya is successful. Ref: SYG91MMO1D.,reference,
S00028,scam,honeypot,Your UPI refund of INR 12345 is pending. Enter OTP 386126 to confirm refund: http://tinyurl.com/4ti2yr,phishing_link|refund_scam|otp_request,
L00889,legit,payment_app,Your OTP for transaction of INR 5000 at Amazon is 760129. Do not share it with anyone.,otp,
S00351,scam,crowd_report,We detected unauthorised activity. Share your UPI PIN to secure your account.,,
L00553,legit,bank_dlt_template,Your OTP for transaction of INR 250 at Amazon is 451813. Do not share it with anyone.,otp,
L00744,legit,govt_service,You have received INR 499 from Ramesh into your UPI ID collect14@upi.,,
S00542,scam,honeypot,Bank blocked your account. Call immediate on +915661440454 and share OTP to reactivate.,,
L00539,legit,govt_service,"Dear Customer, your bill of INR 5000 for Gas is due on 7/1/2025. Pay at: http://bit.ly/tmnnce",,
L00907,legit,payment_app,"Alert: A login to your netbanking from new device on 12/11/2025. If not you, call +915772926871.",,
S00395,scam,synthetic,We detected unauthorised activity. Share your UPI PIN to secure your account.,,
L00116,legit,govt_service,"Dear Customer, your bill of INR 100 for Internet is due on 11/8/2025. Pay at: http://tinyurl.com/e2vcm4",,
L00830,legit,bank_dlt_template,Your KYC for Electricity is completed successfully.,,
S00938,scam,news_sample,We detected unauthorised activity. Share your UPI PIN to secure your account.,,
L00809,legit,bank_dlt_template,Your OTP for transaction of INR 100 at ICICI is 235170. Do not share it with anyone.,otp,
S00311,scam,synthetic,We detected unauthorised activity. Share your UPI PIN to secure your account.,,
S00005,scam,honeypot,This is CustomerCare from Flipkart. Send me the OTP you received to approve payment.,,
L00306,legit,merchant_txn,Payment of INR 5000 to BookMyShow using UPI was successful. Txn ID: TWBDCA75LD.,reference,
S00101,scam,crowd_report,Install this app http://secure-pay.in/wrzdmc to get a refund from ICICI.,phishing_link|refund_scam,
L00480,legit,govt_service,Your OTP for transaction of INR 100 at BigBasket is 986467. Do not share it with anyone.,otp,
S00424,scam,honeypot,Pay INR 499 as token to release your prize. Pay here: http://example.com/rqzmt1,phishing_link,
S00076,scam,news_sample,Bank blocked your account. Call immediate on +915121670014 and share OTP to reactivate.,,
L00571,legit,govt_service,Payment of INR 250 to BigBasket using UPI was successful. Txn ID: CMLZTI89UV.,reference,
L00619,legit,bank_dlt_template,Your KYC for Electricity is completed successfully.,,
S00898,scam,honeypot,Your UPI refund of INR 12345 is pending. Enter OTP 995441 to confirm refund: http://secure-pay.in/oukxiq,phishing_link|refund_scam|otp_request,
S00266,scam,news_sample,Your payment failed. Retry here: http://refund-now.in/em1mpu and enter the OTP to complete.,phishing_link|refund_scam|otp_request,
L00079,legit,merchant_txn,Your a/c ending XXXX8315 is debited by INR 50 on 22/6/2025. Avl bal: INR 73691.,txn|balance,
S00912,scam,news_sample,Pay INR 999 as token to release your prize. Pay here: http://refund-now.in/akj2co,phishing_link|refund_scam,
L00033,legit,merchant_txn,Payment of INR 199 to PaytmMall using UPI was successful. Txn ID: 4D145BM1EN.,reference,
S00538,scam,crowd_report,This is Admin from BookMyShow. Send me the OTP you received to approve payment.,,
S00034,scam,crowd_report,Your UPI refund of INR 5000 is pending. Enter OTP 828109 to confirm refund: http://tinyurl.com/onewah,phishing_link|refund_scam|otp_request,
S00563,scam,honeypot,We detected unauthorised activity. Share your UPI PIN to secure your account.,,
L00352,legit,merchant_txn,Your ECS mandate for INR 250 with BookMyShow is registered. Mandate ID: M1TRPUYD6I.,,
L00164,legit,govt_service,"Dear Customer, your bill of INR 5000 for Gas is due on 13/11/2025. Pay at: http://bit.ly/guunuz",,
L00204,legit,bank_dlt_template,Your account XXXX1917 has been credited with INR 12345 by NEFT. Ref: XNMJ5IAN8N.,txn|reference,
S00054,scam,crowd_report,Your UPI refund of INR 12345 is pending. Enter OTP 165558 to confirm refund: http://tinyurl.com/4gwo4m,phishing_link|refund_scam|otp_request,
S00365,scam,honeypot,Your payment failed. Retry here: http://refund-now.in/qjm1d1 and enter the OTP to complete.,phishing_link|refund_scam|otp_request,
S00967,scam,crowd_report,We detected unauthorised activity. Share your UPI PIN to secure your account.,,
L00496,legit,merchant_txn,"Dear Customer, your bill of INR 50 for Mobile is due on 9/6/2025. Pay at: http://refund-now.in/tejocs",reference,
S00625,scam,honeypot,Someone sent you INR 499. Accept collect request at id14@upi to receive funds.,collect_request,
S00966,scam,crowd_report,Install this app http://example.com/p5pg15 to get a refund from SBI.,phishing_link|refund_scam,
S00963,scam,news_sample,We detected unauthorised activity. Share your UPI PIN to secure your account.,,
L00611,legit,merchant_txn,You have received INR 50 from Asha into your UPI ID id72@upi.,,
L00433,legit,bank_dlt_template,You have received INR 5000 from Rahul into your UPI ID refund72@upi.,reference,
S00492,scam,news_sample,Someone sent you INR 100. Accept collect request at refund60@upi to receive funds.,refund_scam|collect_request,
L00219,legit,govt_service,Your OTP for transaction of INR 100 at BigBasket is 108890. Do not share it with anyone.,otp,
S00931,scam,synthetic,Install this app http://tinyurl.com/beajei to get a refund from BigBasket.,phishing_link|refund_scam,
S00466,scam,synthetic,Your payment failed. Retry here: http://tinyurl.com/s4kcga and enter the OTP to complete.,phishing_link,
L00631,legit,govt_service,Your KYC for Internet is completed successfully.,,
S00382,scam,synthetic,We detected unauthorised activity. Share your UPI PIN to secure your account.,,
S00302,scam,synthetic,Someone sent you INR 999. Accept collect request at pay43@upi to receive funds.,collect_request,
L00060,legit,merchant_txn,Your a/c ending XXXX2757 is debited by INR 1500 on 16/9/2025. Avl bal: INR 67052.,txn|balance,
L00299,legit,payment_app,Txn of INR 250 to Ramesh is successful. Ref: 77TNQETMNI.,reference,
S00711,scam,news_sample,We detected unauthorised activity. Share your UPI PIN to secure your account.,,
L00074,legit,govt_service,"Alert: A login to your netbanking from new device on 11/4/2025. If not you, call +916772220581.",,
L00163,legit,merchant_txn,"Alert: A login to your netbanking from new device on 22/5/2025. If not you, call +912000140652.",,
S00275,scam,synthetic,Your payment failed. Retry here: http://tinyurl.com/wj3xc5 and enter the OTP to complete.,phishing_link,
S00594,scam,crowd_report,We detected unauthorised activity. Share your UPI PIN to secure your account.,,
S00434,scam,honeypot,Your UPI refund of INR 100 is pending. Enter OTP 553162 to confirm refund: http://secure-pay.in/aupiea,phishing_link|refund_scam|otp_request,
S00613,scam,news_sample,This is Support from BigBasket. Send me the OTP you received to approve payment.,,
L00592,legit,bank_dlt_template,Your ECS mandate for INR 1500 with Zomato is registered. Mandate ID: N22Y4LGQTC.,,
L00317,legit,payment_app,Your KYC for Mobile is completed successfully.,,
L00046,legit,merchant_txn,"Dear Customer, your bill of INR 199 for Internet is due on 21/6/2025. Pay at: http://tinyurl.com/4po5lw",,
S00720,scam,crowd_report,Someone sent you INR 199. Accept collect request at pay12@upi to receive funds.,collect_request,
S00832,scam,honeypot,Your payment failed. Retry here: http://refund-now.in/gkphg1 and enter the OTP to complete.,phishing_link|refund_scam|otp_request,
L00428,legit,bank_dlt_template,You have received INR 499 from Priya into your UPI ID id29@upi.,,
L00582,legit,payment_app,"Alert: A login to your netbanking from new device on 11/12/2025. If not you, call +913455838172.",,
L00077,legit,payment_app,Your KYC for Electricity is completed successfully.,,
S00917,scam,crowd_report,This is Admin from Flipkart. Send me the OTP you received to approve payment.,,
S00415,scam,synthetic,We detected unauthorised activity. Share your UPI PIN to secure your account.,,
L00781,legit,payment_app,"Dear Customer, your bill of INR 250 for Mobile is due on 6/3/2025. Pay at: http://bit.ly/tpkv5z",,
S00920,scam,crowd_report,We detected unauthorised activity. Share your UPI PIN to secure your account.,,
S00174,scam,synthetic,Congrats! You've won cashback INR 12345. Click http://tinyurl.com/trhztx to claim now.,phishing_link,
S00320,scam,synthetic,We detected unauthorised activity. Share your UPI PIN to secure your account.,,
L00938,legit,payment_app,Your ECS mandate for INR 199 with Axis Bank is registered. Mandate ID: RUY5R8T945.,,
L00031,legit,govt_service,Your KYC for Electricity is completed successfully.,,
S00092,scam,crowd_report,Your payment failed. Retry here: http://bit.ly/5sv1uq and enter the OTP to complete.,phishing_link,
S00616,scam,synthetic,Bank blocked your account. Call immediate on +910298327168 and share OTP to reactivate.,,
S00230,scam,honeypot,Someone sent you INR 499. Accept collect request at refund58@upi to receive funds.,refund_scam|collect_request,
L00975,legit,payment_app,Your OTP for transaction of INR 100 at Flipkart is 552807. Do not share it with anyone.,otp,
S00085,scam,honeypot,Someone sent you INR 250. Accept collect request at collect93@upi to receive funds.,collect_request,
L00515,legit,payment_app,Your OTP for transaction of INR 12345 at Axis Bank is 113052. Do not share it with anyone.,otp,
S00551,scam,crowd_report,Install this app http://bit.ly/acopm4 to get a refund from BookMyShow.,phishing_link|refund_scam,
S00568,scam,crowd_report,Pay INR 100 as token to release your prize. Pay here: http://refund-now.in/knwu12,phishing_link|refund_scam,
S00811,scam,news_sample,This is CustomerCare from Zomato. Send me the OTP you received to approve payment.,,
S00574,scam,synthetic,Your payment failed. Retry here: http://secure-pay.in/mzthpp and enter the OTP to complete.,phishing_link,
L00045,legit,payment_app,Your ECS mandate for INR 250 with BigBasket is registered. Mandate ID: X6DUT076G5.,,
S00687,scam,news_sample,Someone sent you INR 5000. Accept collect request at collect20@upi to receive funds.,collect_request,
L00169,legit,payment_app,"Dear Customer, your bill of INR 1500 for Electricity is due on 13/4/2025. Pay at: http://refund-now.in/i0jnqx",reference,
L00304,legit,payment_app,"Dear Customer, your bill of INR 5000 for Gas is due on 12/12/2025. Pay at: http://secure-pay.in/omlkmx",,
L00991,legit,bank_dlt_template,Your OTP for transaction of INR 1500 at BookMyShow is 210268. Do not share it with anyone.,otp,
L00556,legit,govt_service,Payment of INR 50 to BookMyShow using UPI was successful. Txn ID: 877FXV7A7K.,reference,
S00925,scam,synthetic,Your payment failed. Retry here: http://refund-now.in/2vgabf and enter the OTP to complete.,phishing_link|refund_scam|otp_request,
L00608,legit,merchant_txn,You have received INR 1500 from Asha into your UPI ID pay70@upi.,,
S00619,scam,news_sample,This is Support from Zomato. Send me the OTP you received to approve payment.,,
L00758,legit,govt_service,Your ECS mandate for INR 499 with PaytmMall is registered. Mandate ID: SXL8NV9UZI.,,
L00439,legit,payment_app,Your ECS mandate for INR 499 with Amazon is registered. Mandate ID: GBHLFT2NBF.,,
L00583,legit,merchant_txn,Your ECS mandate for INR 1500 with ICICI is registered. Mandate ID: SIBXQNQ76K.,,
S00519,scam,crowd_report,Pay INR 50 as token to release your prize. Pay here: http://example.com/yiehji,phishing_link,
L00528,legit,govt_service,"Dear Customer, your bill of INR 5000 for Electricity is due on 28/3/2025. Pay at: http://tinyurl.com/z0gnrn",,
L00343,legit,govt_service,Your KYC for Electricity is completed successfully.,,
S00737,scam,news_sample,Install this app http://example.com/oucxhh to get a refund from BookMyShow.,phishing_link|refund_scam,
L00368,legit,merchant_txn,You have received INR 12345 from Vijay into your UPI ID collect87@upi.,,
L00186,legit,merchant_txn,Your account XXXX9391 has been credited with INR 50 by NEFT. Ref: H6NHKSQNAL.,txn|reference,
S00117,scam,crowd_report,Your UPI refund of INR 1500 is pending. Enter OTP 545814 to confirm refund: http://bit.ly/njvmxq,phishing_link|refund_scam|otp_request,
S00755,scam,honeypot,Bank blocked your account. Call immediate on +918536727531 and share OTP to reactivate.,,
S00426,scam,synthetic,Congrats! You've won cashback INR 12345. Click http://refund-now.in/tgmmbp to claim now.,phishing_link|refund_scam,
L00301,legit,govt_service,Txn of INR 50 to Ramesh is successful. Ref: 993N4BFIY5.,reference,
S00904,scam,crowd_report,This is Support from Flipkart. Send me the OTP you received to approve payment.,,
L00833,legit,govt_service,Txn of INR 100 to Ramesh is successful. Ref: EOXIRI47C9.,reference,
L00544,legit,bank_dlt_template,"Alert: A login to your netbanking from new device on 7/12/2025. If not you, call +911820385113.",,
S00601,scam,synthetic,We detected unauthorised activity. Share your UPI PIN to secure your account.,,
L00351,legit,bank_dlt_template,"Dear Customer, your bill of INR 499 for Internet is due on 16/9/2025. Pay at: http://refund-now.in/gm0tsd",reference,
S00933,scam,crowd_report,This is Support from Zomato. Send me the OTP you received to approve payment.,,
S00511,scam,honeypot,Rs 1500 credited. Please refund INR 275 to confirm identity: http://secure-pay.in/zqryoz,phishing_link|refund_scam,
L00979,legit,govt_service,Your OTP for transaction of INR 5000 at SBI is 846259. Do not share it with anyone.,otp,
L00176,legit,payment_app,Your ECS mandate for INR 12345 with Amazon is registered. Mandate ID: T63QE8NVN4.,,
L00483,legit,bank_dlt_template,Your KYC for Electricity is completed successfully.,,
S00413,scam,synthetic,Install this app http://tinyurl.com/1uf4h0 to get a refund from Flipkart.,phishing_link|refund_scam,
S00611,scam,crowd_report,Congrats! You've won cashback INR 12345. Click http://refund-now.in/d14y3y to claim now.,phishing_link|refund_scam,
L00124,legit,govt_service,Your OTP for transaction of INR 1500 at Amazon is 621199. Do not share it with anyone.,otp,
L00600,legit,merchant_txn,Your a/c ending XXXX0807 is debited by INR 199 on 10/5/2025. Avl bal: INR 22145.,txn|balance,
S00795,scam,crowd_report,Someone sent you INR 50. Accept collect request at id39@upi to receive funds.,collect_request,
S00746,scam,synthetic,Bank blocked your account. Call immediate on +912564760168 and share OTP to reactivate.,,
S00379,scam,news_sample,Rs 250 credited. Please refund INR 1734 to confirm identity: http://secure-pay.in/j23usj,phishing_link|refund_scam,
S00186,scam,synthetic,Your payment failed. Retry here: http://tinyurl.com/fdmnrt and enter the OTP to complete.,phishing_link,
L00486,legit,payment_app,You have received INR 1500 from Ramesh into your UPI ID collect67@upi.,,
L00332,legit,payment_app,Your OTP for transaction of INR 999 at BookMyShow is 499476. Do not share it with anyone.,otp,
L00789,legit,payment_app,You have received INR 100 from Asha into your UPI ID pay86@upi.,,
L00195,legit,govt_service,You have received INR 1500 from Rahul into your UPI ID collect15@upi.,,
L00638,legit,payment_app,Your a/c ending XXXX8704 is debited by INR 199 on 24/10/2025. Avl bal: INR 95640.,txn|balance,
L00472,legit,bank_dlt_template,Your OTP for transaction of INR 100 at BigBasket is 224896. Do not share it with anyone.,otp,
S00714,scam,synthetic,Congrats! You've won cashback INR 100. Click http://secure-pay.in/odedl3 to claim now.,phishing_link,
L00323,legit,bank_dlt_template,Your KYC for Mobile is completed successfully.,,
S00197,scam,honeypot,Bank blocked your account. Call immediate on +917858156686 and share OTP to reactivate.,,
L00267,legit,merchant_txn,Your account XXXX1318 has been credited with INR 199 by NEFT. Ref: 2BD2FMOQXH.,txn|reference,
S00544,scam,crowd_report,Bank blocked your account. Call immediate on +914268211957 and share OTP to reactivate.,,
S00804,scam,synthetic,Your UPI refund of INR 100 is pending. Enter OTP 503927 to confirm refund: http://example.com/f4gm4f,phishing_link|refund_scam|otp_request,
L00068,legit,govt_service,You have received INR 100 from Rahul into your UPI ID refund27@upi.,reference,
S00738,scam,honeypot,Install this app http://bit.ly/umqjjz to get a refund from Zomato.,phishing_link|refund_scam,
S00593,scam,synthetic,Congrats! You've won cashback INR 499. Click http://example.com/zvolnm to claim now.,phishing_link,
S00564,scam,honeypot,Your payment failed. Retry here: http://bit.ly/emybut and enter the OTP to complete.,phishing_link,
L00481,legit,bank_dlt_template,Your ECS mandate for INR 12345 with Zomato is registered. Mandate ID: 4B5UD6GKA0.,,
S00757,scam,crowd_report,Pay INR 50 as token to release your prize. Pay here: http://tinyurl.com/2nfig3,phishing_link,
S00913,scam,synthetic,Your payment failed. Retry here: http://tinyurl.com/mibef0 and enter the OTP to complete.,phishing_link,
S00441,scam,synthetic,Congrats! You've won cashback INR 199. Click http://tinyurl.com/zywxqo to claim now.,phishing_link,
S00461,scam,synthetic,We detected unauthorised activity. Share your UPI PIN to secure your account.,,
L00888,legit,payment_app,Your KYC for Gas is completed successfully.,,
L00423,legit,payment_app,Your a/c ending XXXX6155 is debited by INR 199 on 2/9/2025. Avl bal: INR 96431.,txn|balance,
S00675,scam,honeypot,This is CustomerCare from Axis Bank. Send me the OTP you received to approve payment.,,
S00450,scam,news_sample,This is Support from ICICI. Send me the OTP you received to approve payment.,,
L00765,legit,bank_dlt_template,"Dear Customer, your bill of INR 999 for Electricity is due on 19/9/2025. Pay at: http://example.com/w1f20h",,
L00520,legit,govt_service,"Alert: A login to your netbanking from new device on 7/4/2025. If not you, call +913503272639.",,
S00432,scam,crowd_report,We detected unauthorised activity. Share your UPI PIN to secure your account.,,
L00614,legit,govt_service,Your a/c ending XXXX1929 is debited by INR 199 on 10/12/2025. Avl bal: INR 52735.,txn|balance,
S00531,scam,crowd_report,Your UPI refund of INR 199 is pending. Enter OTP 943658 to confirm refund: http://tinyurl.com/djerqc,phishing_link|refund_scam|otp_request,
S00783,scam,honeypot,Your UPI refund of INR 12345 is pending. Enter OTP 129495 to confirm refund: http://example.com/ucw012,phishing_link|refund_scam|otp_request,
S00659,scam,honeypot,Someone sent you INR 999. Accept collect request at id35@upi to receive funds.,collect_request,
L00454,legit,payment_app,Your OTP for transaction of INR 5000 at BigBasket is 797581. Do not share it with anyone.,otp,
L00731,legit,payment_app,Your a/c ending XXXX4599 is debited by INR 199 on 22/7/2025. Avl bal: INR 63423.,txn|balance,
L00535,legit,merchant_txn,Your KYC for Gas is completed successfully.,,
L00966,legit,bank_dlt_template,"Dear Customer, your bill of INR 499 for Electricity is due on 26/11/2025. Pay at: http://secure-pay.in/llt5b3",,
S00285,scam,synthetic,Rs 1500 credited. Please refund INR 12479 to confirm identity: http://example.com/3bblrv,phishing_link|refund_scam,
S00740,scam,synthetic,Someone sent you INR 1500. Accept collect request at collect32@upi to receive funds.,collect_request,
L00262,legit,merchant_txn,Your KYC for Mobile is completed successfully.,,
L00536,legit,govt_service,Payment of INR 499 to BigBasket using UPI was successful. Txn ID: NSH8LLRB7D.,reference,
L00969,legit,payment_app,"Dear Customer, your bill of INR 50 for Mobile is due on 26/2/2025. Pay at: http://tinyurl.com/xan3dt",,
L00241,legit,govt_service,Your a/c ending XXXX7987 is debited by INR 199 on 8/2/2025. Avl bal: INR 22906.,txn|balance,
L00820,legit,merchant_txn,Payment of INR 100 to Axis Bank using UPI was successful. Txn ID: AO0JPCE37R.,reference,
L00693,legit,bank_dlt_template,Your ECS mandate for INR 1500 with BookMyShow is registered. Mandate ID: S58DBZQ7IB.,,
L00421,legit,bank_dlt_template,"Alert: A login to your netbanking from new device on 21/3/2025. If not you, call +914867436817.",,
S00086,scam,crowd_report,Bank blocked your account. Call immediate on +916214924605 and share OTP to reactivate.,,
S00999,scam,news_sample,This is Support from SBI. Send me the OTP you received to approve payment.,,
L00366,legit,govt_service,"Alert: A login to your netbanking from new device on 5/7/2025. If not you, call +915160553692.",,
S00023,scam,honeypot,This is Admin from BigBasket. Send me the OTP you received to approve payment.,,
S00241,scam,honeypot,Your payment failed. Retry here: http://refund-now.in/pockvt and enter the OTP to complete.,phishing_link|refund_scam|otp_request,
L00589,legit,bank_dlt_template,Your a/c ending XXXX3247 is debited by INR 1500 on 4/1/2025. Avl bal: INR 47152.,txn|balance,
L00737,legit,bank_dlt_template,Your a/c ending XXXX1183 is debited by INR 999 on 18/1/2025. Avl bal: INR 57636.,txn|balance,
S00762,scam,honeypot,Rs 199 credited. Please refund INR 456 to confirm identity: http://refund-now.in/yu3fp3,phishing_link|refund_scam,
L00942,legit,payment_app,Payment of INR 199 to ICICI using UPI was successful. Txn ID: 1R505S34CG.,reference,
L00072,legit,govt_service,Your OTP for transaction of INR 250 at PaytmMall is 457311. Do not share it with anyone.,otp,
S00408,scam,honeypot,This is CustomerCare from BookMyShow. Send me the OTP you received to approve payment.,,
L00260,legit,govt_service,"Alert: A login to your netbanking from new device on 18/8/2025. If not you, call +910413526928.",,
L00052,legit,bank_dlt_template,Txn of INR 50 to Priya is successful. Ref: CFHQCW76XA.,reference,
L00199,legit,merchant_txn,"Dear Customer, your bill of INR 5000 for Internet is due on 13/1/2025. Pay at: http://secure-pay.in/kv5ymq",,
S00789,scam,honeypot,Bank blocked your account. Call immediate on +910369618001 and share OTP to reactivate.,,
L00651,legit,merchant_txn,"Alert: A login to your netbanking from new device on 9/7/2025. If not you, call +918471868687.",,
L00333,legit,govt_service,Your a/c ending XXXX7719 is debited by INR 12345 on 8/1/2025. Avl bal: INR 42761.,txn|balance,
S00360,scam,honeypot,Pay INR 1500 as token to release your prize. Pay here: http://example.com/g3v2e4,phishing_link,
L00594,legit,bank_dlt_template,Payment of INR 1500 to Axis Bank using UPI was successful. Txn ID: H7JAJLTUV6.,reference,
S00392,scam,news_sample,Install this app http://refund-now.in/g3ufln to get a refund from PaytmMall.,phishing_link|refund_scam,
S00801,scam,crowd_report,This is CustomerCare from Zomato. Send me the OTP you received to approve payment.,,
S00315,scam,crowd_report,Someone sent you INR 1500. Accept collect request at id55@upi to receive funds.,collect_request,
S00112,scam,news_sample,Congrats! You've won cashback INR 250. Click http://bit.ly/jdgi2y to claim now.,phishing_link,
S00007,scam,honeypot,Your payment failed. Retry here: http://bit.ly/rvz3gj and enter the OTP to complete.,phishing_link,
S00327,scam,honeypot,Rs 100 credited. Please refund INR 1838 to confirm identity: http://tinyurl.com/hdp5xp,phishing_link|refund_scam,
L00427,legit,bank_dlt_template,Your a/c ending XXXX1960 is debited by INR 12345 on 25/11/2025. Avl bal: INR 91885.,txn|balance,
S00559,scam,honeypot,Bank blocked your account. Call immediate on +918617309971 and share OTP to reactivate.,,
S00294,scam,crowd_report,Install this app http://tinyurl.com/2qc0je to get a refund from BigBasket.,phishing_link|refund_scam,
L00591,legit,merchant_txn,Txn of INR 12345 to Ramesh is successful. Ref: 2G10YC1NE2.,reference,
S00958,scam,news_sample,Congrats! You've won cashback INR 199. Click http://refund-now.in/hs5uyq to claim now.,phishing_link|refund_scam,
S00977,scam,honeypot,We detected unauthorised activity. Share your UPI PIN to secure your account.,,
S00133,scam,crowd_report,We detected unauthorised activity. Share your UPI PIN to secure your account.,,
L00986,legit,merchant_txn,Your ECS mandate for INR 100 with Zomato is registered. Mandate ID: 4ZRRP52I7Z.,,
L00399,legit,payment_app,Your a/c ending XXXX2974 is debited by INR 999 on 16/12/2025. Avl bal: INR 86167.,txn|balance,
S00512,scam,synthetic,We detected unauthorised activity. Share your UPI PIN to secure your account.,,
L00437,legit,bank_dlt_template,Your a/c ending XXXX3117 is debited by INR 250 on 15/6/2025. Avl bal: INR 51674.,txn|balance,
L00193,legit,payment_app,Your account XXXX3390 has been credited with INR 100 by NEFT. Ref: H6A50NOOO0.,txn|reference,
S00436,scam,synthetic,Someone sent you INR 199. Accept collect request at pay50@upi to receive funds.,collect_request,
L00615,legit,govt_service,Your KYC for Electricity is completed successfully.,,
S00494,scam,honeypot,Congrats! You've won cashback INR 499. Click http://secure-pay.in/i2drvw to claim now.,phishing_link,
L00577,legit,govt_service,Your OTP for transaction of INR 12345 at Flipkart is 281917. Do not share it with anyone.,otp,
L00987,legit,bank_dlt_template,Payment of INR 100 to PaytmMall using UPI was successful. Txn ID: WPNHEHERE2.,reference,
S00433,scam,honeypot,We detected unauthorised activity. Share your UPI PIN to secure your account.,,
L00707,legit,payment_app,"Dear Customer, your bill of INR 5000 for Electricity is due on 24/5/2025. Pay at: http://secure-pay.in/cqfxak",,
S00259,scam,news_sample,Someone sent you INR 499. Accept collect request at collect60@upi to receive funds.,collect_request,
L00142,legit,bank_dlt_template,Txn of INR 199 to Priya is successful. Ref: R5SWK8TEMP.,reference,
S00358,scam,crowd_report,Pay INR 999 as token to release your prize. Pay here: http://secure-pay.in/vfhay1,phishing_link,
L00003,legit,payment_app,Your KYC for Mobile is completed successfully.,,
S00222,scam,honeypot,This is Admin from SBI. Send me the OTP you received to approve payment.,,
S00870,scam,crowd_report,Install this app http://tinyurl.com/ev53n2 to get a refund from Amazon.,phishing_link|refund_scam,
S00623,scam,news_sample,Install this app http://refund-now.in/hjaolu to get a refund from BigBasket.,phishing_link|refund_scam,
L00340,legit,govt_service,Your ECS mandate for INR 199 with Axis Bank is registered. Mandate ID: VYB4XZ3MSK.,,
S00770,scam,crowd_report,Bank blocked your account. Call immediate on +915151356297 and share OTP to reactivate.,,
S00537,scam,honeypot,This is CustomerCare from Zomato. Send me the OTP you received to approve payment.,,
L00484,legit,payment_app,Txn of INR 5000 to Rahul is successful. Ref: EV1RDNF4X1.,reference,
L00266,legit,govt_service,Your KYC for Gas is completed successfully.,,
L00377,legit,bank_dlt_template,Txn of INR 999 to Asha is successful. Ref: W8EVRC0ERJ.,reference,
L00742,legit,payment_app,Your KYC for Gas is completed successfully.,,
S00014,scam,news_sample,Your UPI refund of INR 499 is pending. Enter OTP 991145 to confirm refund: http://secure-pay.in/tt3pkm,phishing_link|refund_scam|otp_request,
L00440,legit,govt_service,Your ECS mandate for INR 50 with SBI is registered. Mandate ID: FRV1L6CKNC.,,
L00272,legit,payment_app,Your account XXXX8965 has been credited with INR 5000 by NEFT. Ref: MMPQ0HZYJB.,txn|reference,
L00185,legit,merchant_txn,You have received INR 5000 from Asha into your UPI ID id59@upi.,,
L00940,legit,govt_service,Your a/c ending XXXX2295 is debited by INR 499 on 18/8/2025. Avl bal: INR 78684.,txn|balance,
L00245,legit,bank_dlt_template,Your KYC for Mobile is completed successfully.,,
L00932,legit,govt_service,Your OTP for transaction of INR 12345 at Flipkart is 506426. Do not share it with anyone.,otp,
L00446,legit,govt_service,Your account XXXX4523 has been credited with INR 499 by NEFT. Ref: O914YBNUS7.,txn|reference,
L00597,legit,merchant_txn,Txn of INR 50 to Asha is successful. Ref: 9M2ZEH9H72.,reference,
L00818,legit,govt_service,Your OTP for transaction of INR 250 at Axis Bank is 528316. Do not share it with anyone.,otp,
S00273,scam,honeypot,Your payment failed. Retry here: http://secure-pay.in/fo1tly and enter the OTP to complete.,phishing_link,
S00677,scam,synthetic,Your payment failed. Retry here: http://bit.ly/tbiviz and enter the OTP to complete.,phishing_link,
L00487,legit,payment_app,Your OTP for transaction of INR 12345 at SBI is 624090. Do not share it with anyone.,otp,
L00681,legit,bank_dlt_template,Payment of INR 999 to ICICI using UPI was successful. Txn ID: PZIAJN3MLE.,reference,
L00416,legit,bank_dlt_template,Your account XXXX5259 has been credited with INR 100 by NEFT. Ref: RBZIRJYZ8X.,txn|reference,
L00274,legit,payment_app,Txn of INR 50 to Priya is successful. Ref: FWY8AV2OSG.,reference,
S00472,scam,news_sample,Install this app http://refund-now.in/blozeb to get a refund from BigBasket.,phishing_link|refund_scam,
S00830,scam,crowd_report,Congrats! You've won cashback INR 199. Click http://tinyurl.com/hrbskk to claim now.,phishing_link,
S00455,scam,crowd_report,Your UPI refund of INR 12345 is pending. Enter OTP 618341 to confirm refund: http://refund-now.in/j1afx3,phishing_link|refund_scam|otp_request,
L00251,legit,merchant_txn,Payment of INR 5000 to Flipkart using UPI was successful. Txn ID: P1ZQD54AGC.,reference,
L00414,legit,bank_dlt_template,Your OTP for transaction of INR 199 at PaytmMall is 559000. Do not share it with anyone.,otp,
S00386,scam,honeypot,Pay INR 199 as token to release your prize. Pay here: http://bit.ly/31rvaf,phishing_link,
S00308,scam,crowd_report,Bank blocked your account. Call immediate on +912479762203 and share OTP to reactivate.,,
L00716,legit,merchant_txn,Your KYC for Internet is completed successfully.,,
L00311,legit,bank_dlt_template,Your ECS mandate for INR 100 with BookMyShow is registered. Mandate ID: ZV8U0LM3NK.,,
L00927,legit,payment_app,Your account XXXX8201 has been credited with INR 12345 by NEFT. Ref: GI9P8TFXSW.,txn|reference,
L00382,legit,bank_dlt_template,Your ECS mandate for INR 199 with SBI is registered. Mandate ID: PGGCBI6QSR.,,
S00566,scam,honeypot,Rs 50 credited. Please refund INR 632 to confirm identity: http://tinyurl.com/pfdvdx,phishing_link|refund_scam,
L00426,legit,merchant_txn,Payment of INR 1500 to Amazon using UPI was successful. Txn ID: 5H3QOXQD66.,reference,
S00875,scam,synthetic,Rs 1500 credited. Please refund INR 2119 to confirm identity: http://refund-now.in/a4twit,phishing_link|refund_scam,
L00533,legit,govt_service,You have received INR 499 from Vijay into your UPI ID refund90@upi.,reference,
L00753,legit,govt_service,Payment of INR 999 to Axis Bank using UPI was successful. Txn ID: 4SZXQ1K1QR.,reference,
L00766,legit,payment_app,Payment of INR 100 to SBI using UPI was successful. Txn ID: NTQVNMD8IY.,reference,
S00357,scam,news_sample,Your UPI refund of INR 12345 is pending. Enter OTP 817561 to confirm refund: http://tinyurl.com/vb4osv,phishing_link|refund_scam|otp_request,
L00409,legit,govt_service,"Dear Customer, your bill of INR 499 for Gas is due on 24/1/2025. Pay at: http://refund-now.in/kxzacq",reference,
S00615,scam,honeypot,Bank blocked your account. Call immediate on +910005147146 and share OTP to reactivate.,,
L00695,legit,payment_app,Your a/c ending XXXX1977 is debited by INR 100 on 6/8/2025. Avl bal: INR 18977.,txn|balance,
S00739,scam,synthetic,Install this app http://refund-now.in/4eonxk to get a refund from PaytmMall.,phishing_link|refund_scam,
L00549,legit,merchant_txn,Your KYC for Gas is completed successfully.,,
L00937,legit,bank_dlt_template,Your ECS mandate for INR 199 with BookMyShow is registered. Mandate ID: ZM8JKX2Y5L.,,
S00390,scam,honeypot,Install this app http://secure-pay.in/cbts1n to get a refund from PaytmMall.,phishing_link|refund_scam,
S00608,scam,news_sample,Install this app http://refund-now.in/pqg3zp to get a refund from Amazon.,phishing_link|refund_scam,
S00940,scam,honeypot,This is Support from Flipkart. Send me the OTP you received to approve payment.,,
S00482,scam,honeypot,Rs 100 credited. Please refund INR 1749 to confirm identity: http://tinyurl.com/boajga,phishing_link|refund_scam,
L00183,legit,payment_app,Your ECS mandate for INR 499 with ICICI is registered. Mandate ID: XH6QIHPNF4.,,
S00941,scam,news_sample,We detected unauthorised activity. Share your UPI PIN to secure your account.,,
S00161,scam,news_sample,Someone sent you INR 199. Accept collect request at refund51@upi to receive funds.,refund_scam|collect_request,
L00171,legit,govt_service,You have received INR 5000 from Vijay into your UPI ID pay49@upi.,,
L00293,legit,merchant_txn,Your KYC for Mobile is completed successfully.,,
L00562,legit,merchant_txn,Your a/c ending XXXX3278 is debited by INR 50 on 15/1/2025. Avl bal: INR 97105.,txn|balance,
S00457,scam,news_sample,Rs 499 credited. Please refund INR 12892 to confirm identity: http://refund-now.in/qdwymf,phishing_link|refund_scam,
S00877,scam,honeypot,Congrats! You've won cashback INR 1500. Click http://example.com/j42ztb to claim now.,phishing_link,
S00652,scam,news_sample,This is Admin from PaytmMall. Send me the OTP you received to approve payment.,,
L00850,legit,payment_app,Your OTP for transaction of INR 1500 at Amazon is 689216. Do not share it with anyone.,otp,
L00273,legit,bank_dlt_template,Payment of INR 499 to PaytmMall using UPI was successful. Txn ID: TMH6K1WXYW.,reference,
S00550,scam,honeypot,Bank blocked your account. Call immediate on +914833194524 and share OTP to reactivate.,,
S00035,scam,honeypot,This is Admin from Flipkart. Send me the OTP you received to approve payment.,,
S00744,scam,crowd_report,Rs 999 credited. Please refund INR 5368 to confirm identity: http://refund-now.in/qwlwix,phishing_link|refund_scam,
L00372,legit,payment_app,Your account XXXX0572 has been credited with INR 100 by NEFT. Ref: FCX7CULOQV.,txn|reference,
S00670,scam,honeypot,Pay INR 199 as token to release your prize. Pay here: http://refund-now.in/1ik353,phishing_link|refund_scam,
L00722,legit,payment_app,Your a/c ending XXXX4086 is debited by INR 499 on 20/4/2025. Avl bal: INR 65065.,txn|balance,
L00734,legit,govt_service,Payment of INR 999 to Axis Bank using UPI was successful. Txn ID: 9155P1KSTH.,reference,
L00778,legit,merchant_txn,Your a/c ending XXXX2478 is debited by INR 499 on 16/7/2025. Avl bal: INR 3984.,txn|balance,
L00519,legit,bank_dlt_template,Payment of INR 100 to Axis Bank using UPI was successful. Txn ID: ETOWTK4KL9.,reference,
L00335,legit,payment_app,"Dear Customer, your bill of INR 250 for Electricity is due on 13/11/2025. Pay at: http://tinyurl.com/xrbqul",,
L00846,legit,bank_dlt_template,Txn of INR 12345 to Priya is successful. Ref: AI9A44YZLX.,reference,
S00252,scam,honeypot,This is Admin from BigBasket. Send me the OTP you received to approve payment.,,
S00053,scam,synthetic,We detected unauthorised activity. Share your UPI PIN to secure your account.,,
S00924,scam,crowd_report,Pay INR 199 as token to release your prize. Pay here: http://example.com/oguoys,phishing_link,
L00016,legit,merchant_txn,"Dear Customer, your bill of INR 1500 for Gas is due on 7/4/2025. Pay at: http://refund-now.in/j4uyda",reference,
L00708,legit,govt_service,"Alert: A login to your netbanking from new device on 22/5/2025. If not you, call +912356702006.",,
L00901,legit,payment_app,"Alert: A login to your netbanking from new device on 13/9/2025. If not you, call +917818534851.",,
S00980,scam,crowd_report,This is Admin from Zomato. Send me the OTP you received to approve payment.,,
S00573,scam,honeypot,Congrats! You've won cashback INR 199. Click http://tinyurl.com/wnmn1b to claim now.,phishing_link,
L00904,legit,govt_service,"Alert: A login to your netbanking from new device on 21/9/2025. If not you, call +917354483357.",,
L00466,legit,payment_app,"Alert: A login to your netbanking from new device on 16/12/2025. If not you, call +910617545747.",,
S00978,scam,news_sample,Rs 199 credited. Please refund INR 5516 to confirm identity: http://refund-now.in/bepslu,phishing_link|refund_scam,
L00200,legit,govt_service,"Dear Customer, your bill of INR 250 for Mobile is due on 24/11/2025. Pay at: http://bit.ly/5us5um",,
S00207,scam,synthetic,Your payment failed. Retry here: http://tinyurl.com/dakq4o and enter the OTP to complete.,phishing_link,
S00056,scam,honeypot,Rs 5000 credited. Please refund INR 826 to confirm identity: http://tinyurl.com/iuu0dn,phishing_link|refund_scam,
S00132,scam,crowd_report,Pay INR 199 as token to release your prize. Pay here: http://example.com/qd1svf,phishing_link,
S00380,scam,synthetic,Your UPI refund of INR 12345 is pending. Enter OTP 765905 to confirm refund: http://bit.ly/emvsm1,phishing_link|refund_scam|otp_request,
L00999,legit,bank_dlt_template,"Dear Customer, your bill of INR 499 for Internet is due on 17/10/2025. Pay at: http://example.com/2qtyvj",,
L00728,legit,bank_dlt_template,Your OTP for transaction of INR 12345 at Amazon is 227337. Do not share it with anyone.,otp,
S00772,scam,crowd_report,Pay INR 999 as token to release your prize. Pay here: http://example.com/lf53n0,phishing_link,
S00910,scam,synthetic,Your UPI refund of INR 50 is pending. Enter OTP 227683 to confirm refund: http://example.com/q1vdly,phishing_link|refund_scam|otp_request,
S00822,scam,news_sample,Someone sent you INR 100. Accept collect request at refund57@upi to receive funds.,refund_scam|collect_request,
L00568,legit,merchant_txn,Payment of INR 250 to ICICI using UPI was successful. Txn ID: YN8S7YVR0D.,reference,
L00044,legit,govt_service,Your ECS mandate for INR 5000 with BookMyShow is registered. Mandate ID: KUT6OM1FB8.,,
L00275,legit,payment_app,Your account XXXX8870 has been credited with INR 1500 by NEFT. Ref: 85TZV9ZP3C.,txn|reference,
S00097,scam,news_sample,Rs 50 credited. Please refund INR 668 to confirm identity: http://bit.ly/wsqb54,phishing_link|refund_scam,
L00102,legit,govt_service,Your ECS mandate for INR 999 with Zomato is registered. Mandate ID: G07G0IIJI4.,,
S00232,scam,news_sample,We detected unauthorised activity. Share your UPI PIN to secure your account.,,
S00722,scam,honeypot,Congrats! You've won cashback INR 999. Click http://example.com/dgiz2i to claim now.,phishing_link,
S00833,scam,synthetic,Congrats! You've won cashback INR 50. Click http://tinyurl.com/2nrhnt to claim now.,phishing_link,
L00108,legit,govt_service,Your ECS mandate for INR 5000 with Flipkart is registered. Mandate ID: 48C1CQG433.,,
S00618,scam,honeypot,Pay INR 999 as token to release your prize. Pay here: http://example.com/l3yfjb,phishing_link,
L00498,legit,bank_dlt_template,Payment of INR 1500 to BookMyShow using UPI was successful. Txn ID: E0QQXNN861.,reference,
S00981,scam,news_sample,Someone sent you INR 250. Accept collect request at collect38@upi to receive funds.,collect_request,
L00882,legit,payment_app,Your KYC for Mobile is completed successfully.,,
L00757,legit,merchant_txn,Your KYC for Mobile is completed successfully.,,
L00620,legit,payment_app,You have received INR 999 from Asha into your UPI ID pay80@upi.,,
S00107,scam,honeypot,Your UPI refund of INR 250 is pending. Enter OTP 123235 to confirm refund: http://secure-pay.in/2zdbjq,phishing_link|refund_scam|otp_request,
S00936,scam,honeypot,Rs 250 credited. Please refund INR 401 to confirm identity: http://example.com/yh5252,phishing_link|refund_scam,
L00810,legit,merchant_txn,Your ECS mandate for INR 100 with PaytmMall is registered. Mandate ID: WUW60N330P.,,
S00038,scam,synthetic,Rs 999 credited. Please refund INR 1139 to confirm identity: http://bit.ly/rj0g2a,phishing_link|refund_scam,
L00073,legit,bank_dlt_template,Your KYC for Electricity is completed successfully.,,
S00284,scam,news_sample,This is Admin from ICICI. Send me the OTP you received to approve payment.,,
S00272,scam,crowd_report,Bank blocked your account. Call immediate on +911964315715 and share OTP to reactivate.,,
S00335,scam,crowd_report,Bank blocked your account. Call immediate on +915352397968 and share OTP to reactivate.,,
S00459,scam,honeypot,Someone sent you INR 999. Accept collect request at collect83@upi to receive funds.,collect_request,
L00482,legit,bank_dlt_template,"Alert: A login to your netbanking from new device on 7/4/2025. If not you, call +919967818766.",,
S00069,scam,news_sample,Install this app http://bit.ly/3je0gp to get a refund from SBI.,phishing_link|refund_scam,
L00507,legit,govt_service,Your a/c ending XXXX8906 is debited by INR 199 on 21/8/2025. Avl bal: INR 200.,txn|balance,
S00238,scam,news_sample,Your payment failed. Retry here: http://example.com/wauida and enter the OTP to complete.,phishing_link,
S00862,scam,synthetic,This is CustomerCare from BookMyShow. Send me the OTP you received to approve payment.,,
S00990,scam,synthetic,Install this app http://bit.ly/0u104u to get a refund from Amazon.,phishing_link|refund_scam,
S00477,scam,honeypot,Your UPI refund of INR 250 is pending. Enter OTP 385957 to confirm refund: http://tinyurl.com/dpcayu,phishing_link|refund_scam|otp_request,
S00867,scam,news_sample,Congrats! You've won cashback INR 1500. Click http://tinyurl.com/n5pa50 to claim now.,phishing_link,
S00456,scam,honeypot,Bank blocked your account. Call immediate on +914157437337 and share OTP to reactivate.,,
L00312,legit,merchant_txn,Your a/c ending XXXX7491 is debited by INR 199 on 22/1/2025. Avl bal: INR 46416.,txn|balance,
L00963,legit,bank_dlt_template,Your OTP for transaction of INR 1500 at ICICI is 472892. Do not share it with anyone.,otp,
L00406,legit,bank_dlt_template,Payment of INR 5000 to ICICI using UPI was successful. Txn ID: N378VPCAYP.,reference,
S00331,scam,crowd_report,Someone sent you INR 50. Accept collect request at refund49@upi to receive funds.,refund_scam|collect_request,
S00650,scam,synthetic,Congrats! You've won cashback INR 1500. Click http://example.com/lcnbdz to claim now.,phishing_link,
L00310,legit,payment_app,Your a/c ending XXXX8723 is debited by INR 499 on 27/10/2025. Avl bal: INR 38991.,txn|balance,
L00227,legit,govt_service,Your OTP for transaction of INR 100 at PaytmMall is 757916. Do not share it with anyone.,otp,
S00858,scam,synthetic,Congrats! You've won cashback INR 199. Click http://bit.ly/ydptpz to claim now.,phishing_link,
L00711,legit,payment_app,Your a/c ending XXXX2649 is debited by INR 499 on 24/12/2025. Avl bal: INR 31479.,txn|balance,
S00944,scam,honeypot,Rs 199 credited. Please refund INR 733 to confirm identity: http://secure-pay.in/ehlms4,phishing_link|refund_scam,
S00384,scam,honeypot,Someone sent you INR 250. Accept collect request at id35@upi to receive funds.,collect_request,
S00786,scam,news_sample,This is Support from SBI. Send me the OTP you received to approve payment.,,
L00149,legit,bank_dlt_template,Your account XXXX9111 has been credited with INR 100 by NEFT. Ref: NVP8GMNHIE.,txn|reference,
S00555,scam,crowd_report,Your payment failed. Retry here: http://secure-pay.in/tbgvxk and enter the OTP to complete.,phishing_link,
S00957,scam,synthetic,Someone sent you INR 1500. Accept collect request at collect58@upi to receive funds.,collect_request,
L00926,legit,merchant_txn,Txn of INR 199 to Ramesh is successful. Ref: DXWIHDRG8Y.,reference,
L00943,legit,bank_dlt_template,"Dear Customer, your bill of INR 50 for Internet is due on 11/1/2025. Pay at: http://bit.ly/wxw5wi",,
L00837,legit,payment_app,Payment of INR 1500 to Zomato using UPI was successful. Txn ID: WPL00ACMA2.,reference,
L00576,legit,bank_dlt_template,Your OTP for transaction of INR 50 at PaytmMall is 121801. Do not share it with anyone.,otp,
L00558,legit,bank_dlt_template,"Dear Customer, your bill of INR 12345 for Internet is due on 14/8/2025. Pay at: http://bit.ly/ehaipm",,
S00236,scam,honeypot,This is CustomerCare from Amazon. Send me the OTP you received to approve payment.,,
S00361,scam,synthetic,Congrats! You've won cashback INR 5000. Click http://example.com/iwkx4k to claim now.,phishing_link,
S00348,scam,crowd_report,Pay INR 499 as token to release your prize. Pay here: http://secure-pay.in/urqrbp,phishing_link,
S00162,scam,synthetic,Bank blocked your account. Call immediate on +919065286415 and share OTP to reactivate.,,
S00443,scam,crowd_report,Someone sent you INR 999. Accept collect request at collect80@upi to receive funds.,collect_request,
L00287,legit,govt_service,Your OTP for transaction of INR 5000 at SBI is 369338. Do not share it with anyone.,otp,
S00605,scam,synthetic,Your payment failed. Retry here: http://refund-now.in/ygnwz1 and enter the OTP to complete.,phishing_link|refund_scam|otp_request,
S00058,scam,honeypot,Pay INR 50 as token to release your prize. Pay here: http://tinyurl.com/nry5lr,phishing_link,
L00599,legit,payment_app,Your KYC for Internet is completed successfully.,,
L00933,legit,govt_service,Your ECS mandate for INR 100 with Amazon is registered. Mandate ID: G62NGXCYNL.,,
S00462,scam,crowd_report,Congrats! You've won cashback INR 199. Click http://bit.ly/ifscfy to claim now.,phishing_link,
S00638,scam,news_sample,We detected unauthorised activity. Share your UPI PIN to secure your account.,,
S00588,scam,synthetic,We detected unauthorised activity. Share your UPI PIN to secure your account.,,
S00041,scam,crowd_report,We detected unauthorised activity. Share your UPI PIN to secure your account.,,
S00231,scam,honeypot,Pay INR 199 as token to release your prize. Pay here: http://refund-now.in/yjnjuu,phishing_link|refund_scam,
L00807,legit,bank_dlt_template,You have received INR 12345 from Rahul into your UPI ID id24@upi.,,
L00905,legit,payment_app,Your KYC for Electricity is completed successfully.,,
S00680,scam,crowd_report,Pay INR 5000 as token to release your prize. Pay here: http://tinyurl.com/3520kd,phishing_link,
S00205,scam,news_sample,Pay INR 100 as token to release your prize. Pay here: http://tinyurl.com/c4dywt,phishing_link,
L00768,legit,govt_service,Txn of INR 50 to Asha is successful. Ref: B59ROGA72Y.,reference,
L00610,legit,govt_service,Your OTP for transaction of INR 5000 at Flipkart is 997022. Do not share it with anyone.,otp,
S00993,scam,honeypot,Bank blocked your account. Call immediate on +914767466905 and share OTP to reactivate.,,
S00565,scam,crowd_report,Bank blocked your account. Call immediate on +911237184671 and share OTP to reactivate.,,
S00423,scam,honeypot,Your payment failed. Retry here: http://secure-pay.in/hc1ykh and enter the OTP to complete.,phishing_link,
S00011,scam,synthetic,Congrats! You've won cashback INR 1500. Click http://bit.ly/vgcmaw to claim now.,phishing_link,
L00494,legit,payment_app,Your KYC for Gas is completed successfully.,,
S00321,scam,honeypot,This is Admin from SBI. Send me the OTP you received to approve payment.,,
L00278,legit,merchant_txn,Payment of INR 5000 to PaytmMall using UPI was successful. Txn ID: JJ0076EKHI.,reference,
S00847,scam,crowd_report,Your UPI refund of INR 12345 is pending. Enter OTP 490229 to confirm refund: http://bit.ly/casb0p,phishing_link|refund_scam|otp_request,
L00359,legit,payment_app,Your account XXXX0426 has been credited with INR 250 by NEFT. Ref: C53K9OM115.,txn|reference,
S00111,scam,honeypot,This is Admin from BigBasket. Send me the OTP you received to approve payment.,,
L00237,legit,merchant_txn,Your account XXXX8951 has been credited with INR 100 by NEFT. Ref: P7KB7IYNO6.,txn|reference,
L00552,legit,govt_service,Txn of INR 50 to Asha is successful. Ref: YA8S2DDET4.,reference,
S00868,scam,honeypot,This is CustomerCare from Axis Bank. Send me the OTP you received to approve payment.,,
S00813,scam,news_sample,Rs 199 credited. Please refund INR 559 to confirm identity: http://example.com/rgvlwu,phishing_link|refund_scam,
L00209,legit,payment_app,Payment of INR 100 to Axis Bank using UPI was successful. Txn ID: G4WFEOJGFA.,reference,
S00387,scam,honeypot,Your UPI refund of INR 1500 is pending. Enter OTP 975996 to confirm refund: http://example.com/kzfhg5,phishing_link|refund_scam|otp_request,
S00561,scam,synthetic,Install this app http://bit.ly/ueqgxj to get a refund from ICICI.,phishing_link|refund_scam,
L00059,legit,govt_service,"Alert: A login to your netbanking from new device on 22/3/2025. If not you, call +912131355445.",,
L00632,legit,merchant_txn,You have received INR 199 from Rahul into your UPI ID pay93@upi.,,
S00962,scam,news_sample,Bank blocked your account. Call immediate on +917774698600 and share OTP to reactivate.,,
S00860,scam,news_sample,This is Support from SBI. Send me the OTP you received to approve payment.,,
S00817,scam,news_sample,Pay INR 12345 as token to release your prize. Pay here: http://refund-now.in/h3lext,phishing_link|refund_scam,
L00364,legit,merchant_txn,Your account XXXX5025 has been credited with INR 1500 by NEFT. Ref: XWEDNYA3S9.,txn|reference,
L00506,legit,merchant_txn,"Alert: A login to your netbanking from new device on 8/10/2025. If not you, call +910719192235.",,
S00166,scam,news_sample,Pay INR 100 as token to release your prize. Pay here: http://refund-now.in/vuc5hz,phishing_link|refund_scam,
S00122,scam,synthetic,Install this app http://example.com/x2qdv3 to get a refund from BigBasket.,phishing_link|refund_scam,
S00630,scam,honeypot,Install this app http://example.com/xcpscl to get a refund from Amazon.,phishing_link|refund_scam,
S00217,scam,crowd_report,Bank blocked your account. Call immediate on +910776210362 and share OTP to reactivate.,,
S00152,scam,crowd_report,Congrats! You've won cashback INR 100. Click http://example.com/f3egh3 to claim now.,phishing_link,
S00125,scam,crowd_report,Install this app http://tinyurl.com/d2d5ik to get a refund from Flipkart.,phishing_link|refund_scam,
S00595,scam,news_sample,Your payment failed. Retry here: http://bit.ly/crsyfh and enter the OTP to complete.,phishing_link,
L00119,legit,bank_dlt_template,Your OTP for transaction of INR 5000 at SBI is 967182. Do not share it with anyone.,otp,
S00250,scam,synthetic,Install this app http://secure-pay.in/gg1yoj to get a refund from Zomato.,phishing_link|refund_scam,
S00994,scam,honeypot,Install this app http://secure-pay.in/4e23b5 to get a refund from Flipkart.,phishing_link|refund_scam,
L00523,legit,payment_app,Your OTP for transaction of INR 999 at BookMyShow is 188189. Do not share it with anyone.,otp,
L00514,legit,bank_dlt_template,Txn of INR 999 to Ramesh is successful. Ref: ZWYIX7BRRB.,reference,
L00082,legit,merchant_txn,"Alert: A login to your netbanking from new device on 5/6/2025. If not you, call +917198029205.",,
L00916,legit,govt_service,Payment of INR 199 to Flipkart using UPI was successful. Txn ID: FG8BUCNJ1O.,reference,
S00019,scam,synthetic,Rs 5000 credited. Please refund INR 886 to confirm identity: http://secure-pay.in/ldsvgz,phishing_link|refund_scam,
L00381,legit,merchant_txn,Your KYC for Mobile is completed successfully.,,
S00030,scam,news_sample,Bank blocked your account. Call immediate on +915189083185 and share OTP to reactivate.,,
S00689,scam,synthetic,Pay INR 1500 as token to release your prize. Pay here: http://bit.ly/fugype,phishing_link,
L00085,legit,bank_dlt_template,Your a/c ending XXXX1402 is debited by INR 1500 on 11/1/2025. Avl bal: INR 92449.,txn|balance,
S00678,scam,synthetic,We detected unauthorised activity. Share your UPI PIN to secure your account.,,
L00330,legit,bank_dlt_template,Your KYC for Electricity is completed successfully.,,
L00007,legit,merchant_txn,"Dear Customer, your bill of INR 999 for Internet is due on 8/6/2025. Pay at: http://refund-now.in/ejgkv1",reference,
L00746,legit,bank_dlt_template,You have received INR 250 from Asha into your UPI ID id35@upi.,,
S00554,scam,crowd_report,This is Support from Zomato. Send me the OTP you received to approve payment.,,
L00915,legit,payment_app,Payment of INR 999 to BookMyShow using UPI was successful. Txn ID: XK7TTMA008.,reference,
L00874,legit,payment_app,Your a/c ending XXXX3028 is debited by INR 50 on 17/3/2025. Avl bal: INR 85738.,txn|balance,
L00452,legit,govt_service,Your OTP for transaction of INR 199 at Amazon is 976288. Do not share it with anyone.,otp,
L00491,legit,bank_dlt_template,"Dear Customer, your bill of INR 250 for Electricity is due on 11/5/2025. Pay at: http://secure-pay.in/3sezas",,
S00481,scam,honeypot,Someone sent you INR 499. Accept collect request at pay77@upi to receive funds.,collect_request,
L00288,legit,merchant_txn,Payment of INR 50 to PaytmMall using UPI was successful. Txn ID: 4IOAR4G58O.,reference,
L00949,legit,payment_app,Your ECS mandate for INR 50 with ICICI is registered. Mandate ID: ED02G1K5JA.,,
S00986,scam,news_sample,This is Admin from SBI. Send me the OTP you received to approve payment.,,
S00369,scam,honeypot,Pay INR 50 as token to release your prize. Pay here: http://bit.ly/pmo55n,phishing_link,
S00147,scam,honeypot,Someone sent you INR 199. Accept collect request at pay83@upi to receive funds.,collect_request,
L00706,legit,merchant_txn,Your ECS mandate for INR 199 with Axis Bank is registered. Mandate ID: 64FN80M9EW.,,
S00727,scam,news_sample,Your UPI refund of INR 5000 is pending. Enter OTP 957271 to confirm refund: http://example.com/wda5ok,phishing_link|refund_scam|otp_request,
S00702,scam,news_sample,Rs 100 credited. Please refund INR 1842 to confirm identity: http://tinyurl.com/xe0cqa,phishing_link|refund_scam,
S00629,scam,synthetic,We detected unauthorised activity. Share your UPI PIN to secure your account.,,
S00600,scam,crowd_report,Bank blocked your account. Call immediate on +918878200852 and share OTP to reactivate.,,
S00539,scam,honeypot,We detected unauthorised activity. Share your UPI PIN to secure your account.,,
S00406,scam,honeypot,Install this app http://refund-now.in/tvdsqv to get a refund from Zomato.,phishing_link|refund_scam,
S00651,scam,synthetic,Your UPI refund of INR 12345 is pending. Enter OTP 384422 to confirm refund: http://bit.ly/fmcjz3,phishing_link|refund_scam|otp_request,
L00328,legit,bank_dlt_template,Your account XXXX2561 has been credited with INR 499 by NEFT. Ref: VI7LIG9GMY.,txn|reference,
L00443,legit,bank_dlt_template,Your a/c ending XXXX0519 is debited by INR 999 on 10/5/2025. Avl bal: INR 58141.,txn|balance,
L00775,legit,govt_service,Your ECS mandate for INR 100 with ICICI is registered. Mandate ID: EJ1DG6FWRO.,,
S00088,scam,honeypot,Congrats! You've won cashback INR 250. Click http://bit.ly/2ccovi to claim now.,phishing_link,
S00221,scam,honeypot,Bank blocked your account. Call immediate on +910602829647 and share OTP to reactivate.,,
S00636,scam,news_sample,Bank blocked your account. Call immediate on +914232836949 and share OTP to reactivate.,,
L00178,legit,govt_service,Your ECS mandate for INR 50 with ICICI is registered. Mandate ID: CUA09PCIFL.,,
S00323,scam,news_sample,Rs 250 credited. Please refund INR 13077 to confirm identity: http://example.com/cw4u5s,phishing_link|refund_scam,
L00705,legit,govt_service,Your KYC for Gas is completed successfully.,,
L00087,legit,bank_dlt_template,Payment of INR 999 to BookMyShow using UPI was successful. Txn ID: TND6R30OJH.,reference,
S00884,scam,news_sample,Your payment failed. Retry here: http://tinyurl.com/iycplw and enter the OTP to complete.,phishing_link,
S00948,scam,honeypot,Congrats! You've won cashback INR 999. Click http://refund-now.in/f0xtvd to claim now.,phishing_link|refund_scam,
L00458,legit,merchant_txn,You have received INR 1500 from Vijay into your UPI ID pay46@upi.,,
S00829,scam,crowd_report,We detected unauthorised activity. Share your UPI PIN to secure your account.,,
L00055,legit,bank_dlt_template,You have received INR 50 from Rahul into your UPI ID id10@upi.,,
S00502,scam,synthetic,This is Admin from Axis Bank. Send me the OTP you received to approve payment.,,
L00644,legit,bank_dlt_template,Your a/c ending XXXX8587 is debited by INR 199 on 19/6/2025. Avl bal: INR 66359.,txn|balance,
L00678,legit,bank_dlt_template,Your KYC for Internet is completed successfully.,,
L00222,legit,merchant_txn,Your OTP for transaction of INR 5000 at PaytmMall is 771315. Do not share it with anyone.,otp,
L00114,legit,merchant_txn,"Alert: A login to your netbanking from new device on 23/3/2025. If not you, call +914135595224.",,
L00983,legit,merchant_txn,You have received INR 5000 from Priya into your UPI ID collect59@upi.,,
S00229,scam,crowd_report,Bank blocked your account. Call immediate on +916468596271 and share OTP to reactivate.,,
L01000,legit,merchant_txn,You have received INR 12345 from Rahul into your UPI ID pay72@upi.,,
L00175,legit,payment_app,Your OTP for transaction of INR 499 at BigBasket is 980266. Do not share it with anyone.,otp,
L00782,legit,merchant_txn,You have received INR 1500 from Vijay into your UPI ID collect82@upi.,,
L00590,legit,payment_app,Payment of INR 12345 to Flipkart using UPI was successful. Txn ID: W5GLO1BXBA.,reference,
S00560,scam,news_sample,Your UPI refund of INR 250 is pending. Enter OTP 587218 to confirm refund: http://example.com/zbuq5p,phishing_link|refund_scam|otp_request,
L00019,legit,bank_dlt_template,"Dear Customer, your bill of INR 199 for Gas is due on 27/9/2025. Pay at: http://secure-pay.in/ygr3ow",,
L00424,legit,payment_app,"Dear Customer, your bill of INR 199 for Gas is due on 9/6/2025. Pay at: http://tinyurl.com/ns5imx",,
S00344,scam,crowd_report,We detected unauthorised activity. Share your UPI PIN to secure your account.,,
L00286,legit,govt_service,"Dear Customer, your bill of INR 1500 for Electricity is due on 1/1/2025. Pay at: http://bit.ly/4on2o1",,
S00584,scam,news_sample,Pay INR 12345 as token to release your prize. Pay here: http://example.com/djos54,phishing_link,
L00429,legit,merchant_txn,Your ECS mandate for INR 999 with Zomato is registered. Mandate ID: PDMBO6TQSO.,,
S00510,scam,crowd_report,Install this app http://refund-now.in/pwp2n0 to get a refund from ICICI.,phishing_link|refund_scam,
S00319,scam,news_sample,Pay INR 1500 as token to release your prize. Pay here: http://secure-pay.in/tnvmu3,phishing_link,
L00670,legit,govt_service,"Alert: A login to your netbanking from new device on 27/3/2025. If not you, call +918652147972.",,
L00032,legit,payment_app,"Dear Customer, your bill of INR 1500 for Gas is due on 10/11/2025. Pay at: http://secure-pay.in/qaj4ky",,
L00941,legit,merchant_txn,"Dear Customer, your bill of INR 12345 for Gas is due on 1/12/2025. Pay at: http://refund-now.in/ti0uvw",reference,
L00723,legit,payment_app,Payment of INR 12345 to Flipkart using UPI was successful. Txn ID: E7BLP7DGT6.,reference,
L00995,legit,govt_service,Txn of INR 250 to Asha is successful. Ref: 55UGPASW1D.,reference,
L00215,legit,bank_dlt_template,Txn of INR 199 to Vijay is successful. Ref: MGP6YWK5JR.,reference,
L00814,legit,payment_app,Your KYC for Gas is completed successfully.,,
L00327,legit,merchant_txn,Your KYC for Mobile is completed successfully.,,
L00561,legit,merchant_txn,Payment of INR 999 to Flipkart using UPI was successful. Txn ID: 4VSK23AFPY.,reference,
S00113,scam,honeypot,Pay INR 499 as token to release your prize. Pay here: http://example.com/s4y5ho,phishing_link,
L00701,legit,merchant_txn,Txn of INR 499 to Priya is successful. Ref: U9PK42UD2D.,reference,
S00579,scam,crowd_report,Someone sent you INR 50. Accept collect request at id23@upi to receive funds.,collect_request,
S00190,scam,news_sample,Congrats! You've won cashback INR 199. Click http://tinyurl.com/y0rf0x to claim now.,phishing_link,
L00342,legit,govt_service,"Alert: A login to your netbanking from new device on 24/1/2025. If not you, call +915703467489.",,
L00630,legit,merchant_txn,Your ECS mandate for INR 999 with ICICI is registered. Mandate ID: UF3S9M8YI0.,,
L00148,legit,govt_service,Payment of INR 199 to Zomato using UPI was successful. Txn ID: P1EARPHBXV.,reference,
S00310,scam,news_sample,Install this app http://refund-now.in/biu1xx to get a refund from Zomato.,phishing_link|refund_scam,
L00361,legit,payment_app,Txn of INR 999 to Asha is successful. Ref: 842ZSA6HA3.,reference,
L00084,legit,bank_dlt_template,Your a/c ending XXXX6418 is debited by INR 12345 on 2/1/2025. Avl bal: INR 18239.,txn|balance,
L00049,legit,merchant_txn,Your ECS mandate for INR 12345 with Zomato is registered. Mandate ID: F9I6UU13I5.,,
L00469,legit,bank_dlt_template,You have received INR 199 from Ramesh into your UPI ID refund98@upi.,reference,
L00156,legit,payment_app,Your KYC for Mobile is completed successfully.,,
L00773,legit,govt_service,Your KYC for Electricity is completed successfully.,,
S00240,scam,crowd_report,Bank blocked your account. Call immediate on +918034631125 and share OTP to reactivate.,,
S00201,scam,news_sample,This is CustomerCare from PaytmMall. Send me the OTP you received to approve payment.,,
S00403,scam,honeypot,Your payment failed. Retry here: http://secure-pay.in/boczxw and enter the OTP to complete.,phishing_link,
S00203,scam,news_sample,Your payment failed. Retry here: http://refund-now.in/43ii3s and enter the OTP to complete.,phishing_link|refund_scam|otp_request,
S00631,scam,honeypot,We detected unauthorised activity. Share your UPI PIN to secure your account.,,
L00501,legit,merchant_txn,Your ECS mandate for INR 100 with Flipkart is registered. Mandate ID: LBQ4UA9N1P.,,
S00765,scam,synthetic,Congrats! You've won cashback INR 1500. Click http://secure-pay.in/23np3o to claim now.,phishing_link,
L00180,legit,govt_service,Your a/c ending XXXX0588 is debited by INR 1500 on 14/6/2025. Avl bal: INR 25712.,txn|balance,
S00048,scam,news_sample,Your payment failed. Retry here: http://secure-pay.in/dlvuji and enter the OTP to complete.,phishing_link,
S00756,scam,synthetic,Rs 499 credited. Please refund INR 398 to confirm identity: http://refund-now.in/sdwl2m,phishing_link|refund_scam,
L00951,legit,payment_app,Payment of INR 50 to PaytmMall using UPI was successful. Txn ID: I5SGFCFLJB.,reference,
S00317,scam,synthetic,Your payment failed. Retry here: http://refund-now.in/huldta and enter the OTP to complete.,phishing_link|refund_scam|otp_request,
S00620,scam,crowd_report,Install this app http://refund-now.in/p3sg1v to get a refund from BigBasket.,phishing_link|refund_scam,
L00529,legit,merchant_txn,Your account XXXX1730 has been credited with INR 999 by NEFT. Ref: Q8OBW3J6SO.,txn|reference,
L00347,legit,bank_dlt_template,Your account XXXX9079 has been credited with INR 999 by NEFT. Ref: 1LEUUCBL11.,txn|reference,
S00388,scam,synthetic,Rs 999 credited. Please refund INR 607 to confirm identity: http://example.com/ik2kuc,phishing_link|refund_scam,
S00961,scam,honeypot,Bank blocked your account. Call immediate on +918117979985 and share OTP to reactivate.,,
S00051,scam,crowd_report,Pay INR 100 as token to release your prize. Pay here: http://bit.ly/eopdku,phishing_link,
S00973,scam,crowd_report,We detected unauthorised activity. Share your UPI PIN to secure your account.,,
S00442,scam,honeypot,Bank blocked your account. Call immediate on +911397281888 and share OTP to reactivate.,,
L00602,legit,govt_service,Your a/c ending XXXX7168 is debited by INR 250 on 10/1/2025. Avl bal: INR 49716.,txn|balance,
S00282,scam,synthetic,Someone sent you INR 1500. Accept collect request at pay69@upi to receive funds.,collect_request,
L00244,legit,merchant_txn,Your ECS mandate for INR 499 with Flipkart is registered. Mandate ID: RIMR25I7A2.,,
S00337,scam,synthetic,Someone sent you INR 5000. Accept collect request at pay74@upi to receive funds.,collect_request,
S00068,scam,crowd_report,Bank blocked your account. Call immediate on +917793728607 and share OTP to reactivate.,,
S00476,scam,crowd_report,Bank blocked your account. Call immediate on +910299217058 and share OTP to reactivate.,,
L00313,legit,govt_service,Your a/c ending XXXX3769 is debited by INR 5000 on 11/11/2025. Avl bal: INR 75109.,txn|balance,
L00436,legit,payment_app,"Dear Customer, your bill of INR 499 for Mobile is due on 22/9/2025. Pay at: http://example.com/guzlps",,
S00899,scam,crowd_report,Pay INR 5000 as token to release your prize. Pay here: http://example.com/400h4u,phishing_link,
S00329,scam,crowd_report,Your UPI refund of INR 12345 is pending. Enter OTP 485496 to confirm refund: http://bit.ly/0bjbgx,phishing_link|refund_scam|otp_request,
L00309,legit,bank_dlt_template,"Alert: A login to your netbanking from new device on 15/11/2025. If not you, call +916019917046.",,
L00431,legit,govt_service,Your ECS mandate for INR 100 with Zomato is registered. Mandate ID: YIUKEUF5C1.,,
L00661,legit,bank_dlt_template,Your account XXXX0902 has been credited with INR 999 by NEFT. Ref: D4C9VXK2FI.,txn|reference,
L00371,legit,merchant_txn,Payment of INR 100 to Axis Bank using UPI was successful. Txn ID: YLBI18A2VZ.,reference,
L00567,legit,merchant_txn,Your KYC for Electricity is completed successfully.,,
L00980,legit,merchant_txn,Your KYC for Electricity is completed successfully.,,
L00182,legit,merchant_txn,"Alert: A login to your netbanking from new device on 5/6/2025. If not you, call +916215547776.",,
S00363,scam,news_sample,Pay INR 100 as token to release your prize. Pay here: http://tinyurl.com/rof14r,phishing_link,
L00622,legit,bank_dlt_template,Payment of INR 50 to Zomato using UPI was successful. Txn ID: 3CD24D0UXF.,reference,
L00819,legit,payment_app,You have received INR 1500 from Vijay into your UPI ID refund89@upi.,reference,
S00193,scam,honeypot,Pay INR 1500 as token to release your prize. Pay here: http://secure-pay.in/24b1lp,phishing_link,
L00953,legit,bank_dlt_template,Your OTP for transaction of INR 12345 at BookMyShow is 614790. Do not share it with anyone.,otp,
S00422,scam,synthetic,Bank blocked your account. Call immediate on +911258074873 and share OTP to reactivate.,,
S00841,scam,honeypot,Your payment failed. Retry here: http://bit.ly/xfk2e4 and enter the OTP to complete.,phishing_link,
L00923,legit,govt_service,Your account XXXX5554 has been credited with INR 1500 by NEFT. Ref: JAWGA0XMVR.,txn|reference,
S00074,scam,crowd_report,Congrats! You've won cashback INR 5000. Click http://example.com/n0lktt to claim now.,phishing_link,
L00297,legit,govt_service,Your KYC for Gas is completed successfully.,,
L00967,legit,govt_service,Your a/c ending XXXX3969 is debited by INR 12345 on 8/5/2025. Avl bal: INR 26914.,txn|balance,
L00462,legit,payment_app,Your account XXXX2603 has been credited with INR 250 by NEFT. Ref: 2CAML518DW.,txn|reference,
S00303,scam,news_sample,We detected unauthorised activity. Share your UPI PIN to secure your account.,,
S00177,scam,crowd_report,This is Support from Zomato. Send me the OTP you received to approve payment.,,
L00378,legit,payment_app,"Alert: A login to your netbanking from new device on 21/4/2025. If not you, call +910268913323.",,
L00799,legit,merchant_txn,Payment of INR 100 to BookMyShow using UPI was successful. Txn ID: 66SQMQQWHH.,reference,
S00103,scam,news_sample,Your payment failed. Retry here: http://example.com/gtcbhj and enter the OTP to complete.,phishing_link,
L00106,legit,bank_dlt_template,Your OTP for transaction of INR 999 at BookMyShow is 599284. Do not share it with anyone.,otp,
L00127,legit,payment_app,Your ECS mandate for INR 100 with BookMyShow is registered. Mandate ID: P9UMYGY0Z4.,,
S00996,scam,honeypot,This is Admin from ICICI. Send me the OTP you received to approve payment.,,
L00839,legit,merchant_txn,"Dear Customer, your bill of INR 999 for Mobile is due on 3/5/2025. Pay at: http://example.com/jqnd35",,
L00356,legit,govt_service,"Dear Customer, your bill of INR 50 for Electricity is due on 18/11/2025. Pay at: http://refund-now.in/0tspp3",reference,
S00617,scam,synthetic,Congrats! You've won cashback INR 499. Click http://bit.ly/umtldd to claim now.,phishing_link,
L00683,legit,merchant_txn,Your KYC for Mobile is completed successfully.,,
L00813,legit,payment_app,"Dear Customer, your bill of INR 5000 for Electricity is due on 3/5/2025. Pay at: http://example.com/gigii0",,
S00681,scam,news_sample,Install this app http://tinyurl.com/kupr1x to get a refund from Axis Bank.,phishing_link|refund_scam,
L00210,legit,payment_app,"Dear Customer, your bill of INR 999 for Electricity is due on 5/11/2025. Pay at: http://refund-now.in/xbgri2",reference,
S00493,scam,synthetic,Your UPI refund of INR 5000 is pending. Enter OTP 116945 to confirm refund: http://refund-now.in/p4gak3,phishing_link|refund_scam|otp_request,
L00141,legit,govt_service,Your OTP for transaction of INR 999 at PaytmMall is 779658. Do not share it with anyone.,otp,
S00975,scam,crowd_report,We detected unauthorised activity. Share your UPI PIN to secure your account.,,
S00340,scam,news_sample,Rs 12345 credited. Please refund INR 1142 to confirm identity: http://refund-now.in/ges4cw,phishing_link|refund_scam,
S00798,scam,synthetic,Someone sent you INR 1500. Accept collect request at refund86@upi to receive funds.,refund_scam|collect_request,
S00575,scam,synthetic,We detected unauthorised activity. Share your UPI PIN to secure your account.,,
S00182,scam,honeypot,We detected unauthorised activity. Share your UPI PIN to secure your account.,,
S00394,scam,news_sample,Rs 100 credited. Please refund INR 596 to confirm identity: http://example.com/mf3mmt,phishing_link|refund_scam,
S00816,scam,news_sample,Install this app http://refund-now.in/tnj4nh to get a refund from Amazon.,phishing_link|refund_scam,
L00712,legit,payment_app,Your account XXXX8358 has been credited with INR 999 by NEFT. Ref: UTXBE5NW8R.,txn|reference,
S00794,scam,news_sample,Install this app http://tinyurl.com/wzdke3 to get a refund from Axis Bank.,phishing_link|refund_scam,
L00893,legit,bank_dlt_template,Your KYC for Electricity is completed successfully.,,
L00860,legit,merchant_txn,Txn of INR 199 to Vijay is successful. Ref: P4OTN8HPBY.,reference,
L00011,legit,bank_dlt_template,Your a/c ending XXXX0461 is debited by INR 499 on 23/7/2025. Avl bal: INR 64899.,txn|balance,
S00695,scam,crowd_report,This is Admin from Zomato. Send me the OTP you received to approve payment.,,
S00428,scam,news_sample,Pay INR 12345 as token to release your prize. Pay here: http://example.com/1n0lw1,phishing_link,
L00283,legit,merchant_txn,Txn of INR 12345 to Asha is successful. Ref: V911PJQ50X.,reference,
L00811,legit,bank_dlt_template,Your a/c ending XXXX0595 is debited by INR 199 on 26/8/2025. Avl bal: INR 3303.,txn|balance,
S00342,scam,crowd_report,Pay INR 12345 as token to release your prize. Pay here: http://secure-pay.in/o4w1d2,phishing_link,
L00292,legit,govt_service,"Dear Customer, your bill of INR 100 for Electricity is due on 19/11/2025. Pay at: http://bit.ly/40uyva",,
L00755,legit,payment_app,"Alert: A login to your netbanking from new device on 26/12/2025. If not you, call +910472009657.",,
L00627,legit,payment_app,"Alert: A login to your netbanking from new device on 10/8/2025. If not you, call +910145960745.",,
L00944,legit,bank_dlt_template,Payment of INR 5000 to BookMyShow using UPI was successful. Txn ID: 29A7ZZ99HH.,reference,
L00862,legit,payment_app,Your account XXXX6186 has been credited with INR 100 by NEFT. Ref: 002GOAPADJ.,txn|reference,
L00130,legit,govt_service,Your KYC for Electricity is completed successfully.,,
S00176,scam,crowd_report,Bank blocked your account. Call immediate on +917908017294 and share OTP to reactivate.,,
L00324,legit,payment_app,Your account XXXX8064 has been credited with INR 100 by NEFT. Ref: JU2T0JESGQ.,txn|reference,
S00091,scam,news_sample,Someone sent you INR 499. Accept collect request at refund44@upi to receive funds.,refund_scam|collect_request,
L00844,legit,payment_app,"Dear Customer, your bill of INR 5000 for Mobile is due on 27/3/2025. Pay at: http://bit.ly/yc01h5",,
L00964,legit,payment_app,Your OTP for transaction of INR 50 at Axis Bank is 811726. Do not share it with anyone.,otp,
S00865,scam,honeypot,Your UPI refund of INR 199 is pending. Enter OTP 959931 to confirm refund: http://tinyurl.com/ptij5o,phishing_link|refund_scam|otp_request,
L00866,legit,merchant_txn,Your KYC for Gas is completed successfully.,,
L00922,legit,payment_app,"Alert: A login to your netbanking from new device on 21/11/2025. If not you, call +912740471980.",,
L00696,legit,payment_app,"Alert: A login to your netbanking from new device on 25/8/2025. If not you, call +911394931279.",,
L00216,legit,payment_app,Payment of INR 1500 to Axis Bank using UPI was successful. Txn ID: TT3NUPUY0Z.,reference,
S00781,scam,synthetic,Your UPI refund of INR 5000 is pending. Enter OTP 283086 to confirm refund: http://secure-pay.in/qn5qea,phishing_link|refund_scam|otp_request,
S00262,scam,crowd_report,We detected unauthorised activity. Share your UPI PIN to secure your account.,,
L00159,legit,payment_app,Your ECS mandate for INR 199 with ICICI is registered. Mandate ID: V9KYPOFKJW.,,
S00059,scam,honeypot,This is Admin from BigBasket. Send me the OTP you received to approve payment.,,
L00989,legit,govt_service,Payment of INR 50 to Amazon using UPI was successful. Txn ID: PLCL4J7RB6.,reference,
L00842,legit,payment_app,Txn of INR 5000 to Asha is successful. Ref: IZPYDDXARW.,reference,
L00635,legit,govt_service,You have received INR 5000 from Rahul into your UPI ID pay73@upi.,,
L00517,legit,govt_service,Your KYC for Gas is completed successfully.,,
S00429,scam,honeypot,Your UPI refund of INR 12345 is pending. Enter OTP 204996 to confirm refund: http://tinyurl.com/542hrq,phishing_link|refund_scam|otp_request,
S00748,scam,crowd_report,This is CustomerCare from Zomato. Send me the OTP you received to approve payment.,,
L00598,legit,merchant_txn,Payment of INR 199 to BookMyShow using UPI was successful. Txn ID: D3CV0L5C09.,reference,
L00196,legit,payment_app,Your ECS mandate for INR 999 with ICICI is registered. Mandate ID: YMLINOV953.,,
S00784,scam,crowd_report,This is Support from Flipkart. Send me the OTP you received to approve payment.,,
L00870,legit,payment_app,"Alert: A login to your netbanking from new device on 17/6/2025. If not you, call +912956462739.",,
L00411,legit,bank_dlt_template,Your OTP for transaction of INR 5000 at BigBasket is 834696. Do not share it with anyone.,otp,
L00097,legit,merchant_txn,Your KYC for Mobile is completed successfully.,,
S00001,scam,news_sample,Your UPI refund of INR 250 is pending. Enter OTP 863425 to confirm refund: http://tinyurl.com/2fpwrr,phishing_link|refund_scam|otp_request,
S00506,scam,crowd_report,Pay INR 100 as token to release your prize. Pay here: http://refund-now.in/rkz13j,phishing_link|refund_scam,
L00157,legit,govt_service,You have received INR 499 from Priya into your UPI ID collect92@upi.,,
L00420,legit,merchant_txn,Your account XXXX9957 has been credited with INR 250 by NEFT. Ref: CDK9X0740C.,txn|reference,
S00803,scam,synthetic,Install this app http://tinyurl.com/fjo4sk to get a refund from PaytmMall.,phishing_link|refund_scam,
L00478,legit,bank_dlt_template,Txn of INR 100 to Priya is successful. Ref: TCFI4PLMVK.,reference,
S00856,scam,crowd_report,This is Admin from BigBasket. Send me the OTP you received to approve payment.,,
L00669,legit,merchant_txn,Your OTP for transaction of INR 199 at Zomato is 439739. Do not share it with anyone.,otp,
S00418,scam,honeypot,We detected unauthorised activity. Share your UPI PIN to secure your account.,,
S00872,scam,synthetic,Pay INR 100 as token to release your prize. Pay here: http://example.com/vhtirq,phishing_link,
S00300,scam,crowd_report,We detected unauthorised activity. Share your UPI PIN to secure your account.,,
L00448,legit,merchant_txn,Your account XXXX1442 has been credited with INR 12345 by NEFT. Ref: Y74WXUWCOZ.,txn|reference,
L00554,legit,payment_app,"Alert: A login to your netbanking from new device on 28/1/2025. If not you, call +916086280859.",,
L00179,legit,bank_dlt_template,Your a/c ending XXXX6037 is debited by INR 5000 on 20/10/2025. Avl bal: INR 13374.,txn|balance,
L00391,legit,govt_service,Your a/c ending XXXX4960 is debited by INR 1500 on 15/1/2025. Avl bal: INR 67676.,txn|balance,
L00579,legit,bank_dlt_template,"Alert: A login to your netbanking from new device on 11/3/2025. If not you, call +914523513444.",,
S00478,scam,synthetic,We detected unauthorised activity. Share your UPI PIN to secure your account.,,
S00707,scam,synthetic,Pay INR 1500 as token to release your prize. Pay here: http://example.com/3bwzwp,phishing_link,
S00288,scam,news_sample,We detected unauthorised activity. Share your UPI PIN to secure your account.,,
S00645,scam,news_sample,Someone sent you INR 5000. Accept collect request at refund18@upi to receive funds.,refund_scam|collect_request,
S00024,scam,synthetic,Someone sent you INR 1500. Accept collect request at id91@upi to receive funds.,collect_request,
L00821,legit,merchant_txn,Your KYC for Electricity is completed successfully.,,
S00825,scam,news_sample,We detected unauthorised activity. Share your UPI PIN to secure your account.,,
L00985,legit,merchant_txn,You have received INR 999 from Vijay into your UPI ID id93@upi.,,
S00339,scam,crowd_report,Pay INR 100 as token to release your prize. Pay here: http://example.com/nxelrb,phishing_link,
L00665,legit,merchant_txn,Payment of INR 499 to PaytmMall using UPI was successful. Txn ID: 09O08NE4XL.,reference,
L00143,legit,merchant_txn,Your a/c ending XXXX5033 is debited by INR 12345 on 12/8/2025. Avl bal: INR 70861.,txn|balance,
S00517,scam,honeypot,Congrats! You've won cashback INR 5000. Click http://refund-now.in/jl2cvk to claim now.,phishing_link|refund_scam,
S00430,scam,news_sample,Install this app http://secure-pay.in/wob3vt to get a refund from Amazon.,phishing_link|refund_scam,
L00865,legit,payment_app,Payment of INR 1500 to BookMyShow using UPI was successful. Txn ID: VVF010AIAO.,reference,
L00422,legit,bank_dlt_template,Your a/c ending XXXX0231 is debited by INR 250 on 19/9/2025. Avl bal: INR 51705.,txn|balance,
L00637,legit,govt_service,Your ECS mandate for INR 5000 with BigBasket is registered. Mandate ID: 2KKTBK5P24.,,
S00407,scam,news_sample,Rs 50 credited. Please refund INR 649 to confirm identity: http://refund-now.in/b2basm,phishing_link|refund_scam,
L00800,legit,bank_dlt_template,"Alert: A login to your netbanking from new device on 2/5/2025. If not you, call +917309241821.",,
S00404,scam,synthetic,Someone sent you INR 1500. Accept collect request at collect59@upi to receive funds.,collect_request,
L00616,legit,merchant_txn,"Dear Customer, your bill of INR 100 for Gas is due on 7/11/2025. Pay at: http://refund-now.in/ubgebu",reference,
L00295,legit,merchant_txn,Payment of INR 250 to SBI using UPI was successful. Txn ID: FK84RPU9GG.,reference,
L00924,legit,payment_app,Your OTP for transaction of INR 12345 at Zomato is 193354. Do not share it with anyone.,otp,
S00269,scam,news_sample,Your payment failed. Retry here: http://refund-now.in/ggonqr and enter the OTP to complete.,phishing_link|refund_scam|otp_request,
S00903,scam,news_sample,Your payment failed. Retry here: http://tinyurl.com/pjd4d3 and enter the OTP to complete.,phishing_link,
L00089,legit,govt_service,Your account XXXX2708 has been credited with INR 1500 by NEFT. Ref: AFYH1FKJ4Y.,txn|reference,
L00042,legit,bank_dlt_template,Your KYC for Internet is completed successfully.,,
S00802,scam,crowd_report,Your payment failed. Retry here: http://refund-now.in/opfyp4 and enter the OTP to complete.,phishing_link|refund_scam|otp_request,
S00934,scam,synthetic,Your UPI refund of INR 12345 is pending. Enter OTP 228507 to confirm refund: http://tinyurl.com/nja5xr,phishing_link|refund_scam|otp_request,
L00132,legit,govt_service,You have received INR 999 from Vijay into your UPI ID collect25@upi.,,
S00002,scam,crowd_report,Pay INR 5000 as token to release your prize. Pay here: http://secure-pay.in/aqj5pn,phishing_link,
S00158,scam,news_sample,Congrats! You've won cashback INR 199. Click http://refund-now.in/gn0i1t to claim now.,phishing_link|refund_scam,
S00095,scam,crowd_report,We detected unauthorised activity. Share your UPI PIN to secure your account.,,
S00855,scam,crowd_report,This is Support from PaytmMall. Send me the OTP you received to approve payment.,,
S00345,scam,crowd_report,Install this app http://bit.ly/yg0m5k to get a refund from BookMyShow.,phishing_link|refund_scam,
S00499,scam,crowd_report,We detected unauthorised activity. Share your UPI PIN to secure your account.,,
L00165,legit,bank_dlt_template,Payment of INR 499 to SBI using UPI was successful. Txn ID: PE60QRAQIK.,reference,
L00725,legit,govt_service,"Alert: A login to your netbanking from new device on 13/1/2025. If not you, call +915308138151.",,
L00291,legit,merchant_txn,Your ECS mandate for INR 5000 with BigBasket is registered. Mandate ID: TVF51Z58B4.,,
S00209,scam,synthetic,Your UPI refund of INR 199 is pending. Enter OTP 755827 to confirm refund: http://bit.ly/01vgji,phishing_link|refund_scam|otp_request,
S00589,scam,synthetic,Congrats! You've won cashback INR 1500. Click http://example.com/2bilwq to claim now.,phishing_link,
S00897,scam,crowd_report,This is Admin from BigBasket. Send me the OTP you received to approve payment.,,
S00642,scam,synthetic,Your UPI refund of INR 999 is pending. Enter OTP 404531 to confirm refund: http://tinyurl.com/dzgx4v,phishing_link|refund_scam|otp_request,
S00362,scam,synthetic,Someone sent you INR 250. Accept collect request at collect87@upi to receive funds.,collect_request,
L00779,legit,payment_app,Your OTP for transaction of INR 999 at PaytmMall is 932036. Do not share it with anyone.,otp,
L00840,legit,merchant_txn,"Dear Customer, your bill of INR 499 for Internet is due on 15/8/2025. Pay at: http://bit.ly/mxtcws",,
L00349,legit,merchant_txn,You have received INR 499 from Ramesh into your UPI ID pay35@upi.,,
S00945,scam,news_sample,Rs 50 credited. Please refund INR 218 to confirm identity: http://example.com/5k13ta,phishing_link|refund_scam,
L00572,legit,govt_service,Payment of INR 999 to Amazon using UPI was successful. Txn ID: 3ZFES7P8AT.,reference,
L00918,legit,payment_app,Your KYC for Mobile is completed successfully.,,
L00977,legit,payment_app,"Dear Customer, your bill of INR 499 for Electricity is due on 8/2/2025. Pay at: http://bit.ly/yvrkth",,
S00914,scam,synthetic,Pay INR 100 as token to release your prize. Pay here: http://refund-now.in/45s5tw,phishing_link|refund_scam,
S00469,scam,news_sample,This is CustomerCare from SBI. Send me the OTP you received to approve payment.,,
S00592,scam,news_sample,We detected unauthorised activity. Share your UPI PIN to secure your account.,,
S00318,scam,synthetic,Congrats! You've won cashback INR 999. Click http://tinyurl.com/eu4usi to claim now.,phishing_link,
S00845,scam,crowd_report,Someone sent you INR 999. Accept collect request at collect90@upi to receive funds.,collect_request,
L00137,legit,payment_app,"Dear Customer, your bill of INR 5000 for Mobile is due on 4/9/2025. Pay at: http://bit.ly/blgit2",,
L00459,legit,payment_app,Your KYC for Electricity is completed successfully.,,
L00376,legit,bank_dlt_template,Your KYC for Electricity is completed successfully.,,
S00343,scam,crowd_report,Rs 499 credited. Please refund INR 998 to confirm identity: http://tinyurl.com/jrvglo,phishing_link|refund_scam,
L00334,legit,payment_app,Txn of INR 199 to Asha is successful. Ref: TR1T05QXS2.,reference,
S00160,scam,crowd_report,Your UPI refund of INR 12345 is pending. Enter OTP 958636 to confirm refund: http://refund-now.in/rbagmf,phishing_link|refund_scam|otp_request,
S00761,scam,crowd_report,Your payment failed. Retry here: http://example.com/y4vbeu and enter the OTP to complete.,phishing_link,
S00458,scam,synthetic,Congrats! You've won cashback INR 5000. Click http://bit.ly/5q5xgu to claim now.,phishing_link,
L00817,legit,merchant_txn,"Alert: A login to your netbanking from new device on 11/4/2025. If not you, call +919496674609.",,
S00115,scam,honeypot,Bank blocked your account. Call immediate on +913457869607 and share OTP to reactivate.,,
S00006,scam,honeypot,Install this app http://secure-pay.in/sih2mw to get a refund from SBI.,phishing_link|refund_scam,
S00857,scam,synthetic,Someone sent you INR 499. Accept collect request at pay95@upi to receive funds.,collect_request,
S00955,scam,honeypot,We detected unauthorised activity. Share your UPI PIN to secure your account.,,
S00851,scam,synthetic,Congrats! You've won cashback INR 5000. Click http://secure-pay.in/qnj0ji to claim now.,phishing_link,
L00911,legit,merchant_txn,Payment of INR 100 to BookMyShow using UPI was successful. Txn ID: SDOTAIECEV.,reference,
S00930,scam,synthetic,This is Support from Flipkart. Send me the OTP you received to approve payment.,,
S00126,scam,crowd_report,Pay INR 5000 as token to release your prize. Pay here: http://refund-now.in/e305ju,phishing_link|refund_scam,
L00329,legit,payment_app,Your KYC for Gas is completed successfully.,,
S00248,scam,crowd_report,Congrats! You've won cashback INR 50. Click http://tinyurl.com/aqduqr to claim now.,phishing_link,
L00319,legit,bank_dlt_template,"Alert: A login to your netbanking from new device on 6/1/2025. If not you, call +917486205062.",,
S00690,scam,honeypot,Bank blocked your account. Call immediate on +916769535672 and share OTP to reactivate.,,
S00359,scam,synthetic,Install this app http://example.com/5hy05e to get a refund from Axis Bank.,phishing_link|refund_scam,
S00733,scam,crowd_report,Someone sent you INR 499. Accept collect request at pay41@upi to receive funds.,collect_request,
L00168,legit,merchant_txn,Txn of INR 5000 to Rahul is successful. Ref: I3MSDN1MXF.,reference,
L00013,legit,merchant_txn,Your KYC for Electricity is completed successfully.,,
S00927,scam,honeypot,Congrats! You've won cashback INR 250. Click http://example.com/hpjf00 to claim now.,phishing_link,
L00172,legit,payment_app,You have received INR 499 from Rahul into your UPI ID collect20@upi.,,
L00650,legit,payment_app,Txn of INR 50 to Priya is successful. Ref: L3RD8L4BV8.,reference,
S00062,scam,news_sample,This is CustomerCare from ICICI. Send me the OTP you received to approve payment.,,
L00261,legit,bank_dlt_template,Your a/c ending XXXX6920 is debited by INR 250 on 8/4/2025. Avl bal: INR 12071.,txn|balance,
S00367,scam,honeypot,We detected unauthorised activity. Share your UPI PIN to secure your account.,,
S00549,scam,honeypot,Install this app http://tinyurl.com/rqgsg5 to get a refund from BookMyShow.,phishing_link|refund_scam,
L00902,legit,bank_dlt_template,Payment of INR 12345 to BookMyShow using UPI was successful. Txn ID: BUYS9P7SEP.,reference,
L00673,legit,merchant_txn,"Dear Customer, your bill of INR 1500 for Mobile is due on 6/12/2025. Pay at: http://example.com/3x41j5",,
L00259,legit,payment_app,Your ECS mandate for INR 999 with Zomato is registered. Mandate ID: ZS49CDZN1F.,,
L00845,legit,govt_service,Your OTP for transaction of INR 999 at Zomato is 951762. Do not share it with anyone.,otp,
L00868,legit,merchant_txn,"Alert: A login to your netbanking from new device on 9/12/2025. If not you, call +916680790940.",,
S00800,scam,honeypot,Install this app http://bit.ly/min1n1 to get a refund from SBI.,phishing_link|refund_scam,
L00139,legit,govt_service,Your a/c ending XXXX5827 is debited by INR 250 on 24/4/2025. Avl bal: INR 32583.,txn|balance,
L00894,legit,payment_app,Your KYC for Electricity is completed successfully.,,
S00838,scam,synthetic,Your UPI refund of INR 5000 is pending. Enter OTP 909297 to confirm refund: http://secure-pay.in/ajrvck,phishing_link|refund_scam|otp_request,
L00550,legit,govt_service,Payment of INR 50 to Amazon using UPI was successful. Txn ID: I8H7PR28J2.,reference,
L00320,legit,govt_service,Txn of INR 499 to Ramesh is successful. Ref: AJ5IQAX54P.,reference,
S00527,scam,crowd_report,Bank blocked your account. Call immediate on +910116017796 and share OTP to reactivate.,,
S00806,scam,honeypot,Rs 100 credited. Please refund INR 1124 to confirm identity: http://tinyurl.com/i0v2d1,phishing_link|refund_scam,
S00178,scam,news_sample,This is CustomerCare from Zomato. Send me the OTP you received to approve payment.,,
L00559,legit,merchant_txn,Your KYC for Internet is completed successfully.,,
L00140,legit,payment_app,Your OTP for transaction of INR 250 at PaytmMall is 475815. Do not share it with anyone.,otp,
S00735,scam,synthetic,Pay INR 5000 as token to release your prize. Pay here: http://tinyurl.com/wgvtzl,phishing_link,
L00532,legit,merchant_txn,"Dear Customer, your bill of INR 100 for Mobile is due on 5/7/2025. Pay at: http://refund-now.in/aefp0b",reference,
L00225,legit,payment_app,Payment of INR 12345 to ICICI using UPI was successful. Txn ID: 48M2Q6X2O7.,reference,
L00724,legit,merchant_txn,"Dear Customer, your bill of INR 499 for Gas is due on 20/5/2025. Pay at: http://tinyurl.com/dk5hsv",,
L00787,legit,merchant_txn,Payment of INR 199 to SBI using UPI was successful. Txn ID: LBOS46A908.,reference,
S00718,scam,news_sample,We detected unauthorised activity. Share your UPI PIN to secure your account.,,
S00008,scam,news_sample,This is Support from Axis Bank. Send me the OTP you received to approve payment.,,
L00410,legit,merchant_txn,Your account XXXX3569 has been credited with INR 199 by NEFT. Ref: IEPO772NRC.,txn|reference,
L00326,legit,bank_dlt_template,Your OTP for transaction of INR 12345 at BigBasket is 714017. Do not share it with anyone.,otp,
S00766,scam,synthetic,Someone sent you INR 12345. Accept collect request at refund74@upi to receive funds.,refund_scam|collect_request,
L00300,legit,payment_app,Your account XXXX7503 has been credited with INR 1500 by NEFT. Ref: 1ZSB8LV6TX.,txn|reference,
S00263,scam,news_sample,Bank blocked your account. Call immediate on +910310304956 and share OTP to reactivate.,,
S00946,scam,crowd_report,This is Admin from Axis Bank. Send me the OTP you received to approve payment.,,
L00026,legit,merchant_txn,Your a/c ending XXXX1600 is debited by INR 100 on 26/4/2025. Avl bal: INR 77282.,txn|balance,
S00859,scam,synthetic,Congrats! You've won cashback INR 250. Click http://tinyurl.com/fjz00y to claim now.,phishing_link,
L00715,legit,merchant_txn,Your account XXXX4288 has been credited with INR 499 by NEFT. Ref: FZP0T57GOC.,txn|reference,
S00010,scam,synthetic,Someone sent you INR 999. Accept collect request at id83@upi to receive funds.,collect_request,
L00194,legit,payment_app,"Dear Customer, your bill of INR 199 for Gas is due on 23/5/2025. Pay at: http://example.com/afpdyn",,
L00441,legit,govt_service,You have received INR 12345 from Vijay into your UPI ID pay42@upi.,,
L00574,legit,merchant_txn,Your a/c ending XXXX6006 is debited by INR 499 on 16/11/2025. Avl bal: INR 31982.,txn|balance,
L00947,legit,bank_dlt_template,"Alert: A login to your netbanking from new device on 11/2/2025. If not you, call +916698426901.",,
L00998,legit,bank_dlt_template,Your account XXXX2020 has been credited with INR 1500 by NEFT. Ref: UQAYGI0P0H.,txn|reference,
L00504,legit,bank_dlt_template,Your KYC for Internet is completed successfully.,,
L00606,legit,bank_dlt_template,"Dear Customer, your bill of INR 199 for Electricity is due on 25/12/2025. Pay at: http://refund-now.in/uaj31e",reference,
S00717,scam,news_sample,Your payment failed. Retry here: http://tinyurl.com/q2dyme and enter the OTP to complete.,phishing_link,
S00164,scam,honeypot,Your UPI refund of INR 250 is pending. Enter OTP 572186 to confirm refund: http://example.com/gv5jdn,phishing_link|refund_scam|otp_request,
S00787,scam,crowd_report,Your UPI refund of INR 1500 is pending. Enter OTP 208436 to confirm refund: http://tinyurl.com/ybagwl,phishing_link|refund_scam|otp_request,
L00847,legit,govt_service,Your account XXXX6176 has been credited with INR 999 by NEFT. Ref: 9RBGXK93RH.,txn|reference,
L00004,legit,govt_service,Your OTP for transaction of INR 5000 at Flipkart is 217301. Do not share it with anyone.,otp,
S00287,scam,synthetic,We detected unauthorised activity. Share your UPI PIN to secure your account.,,
S00223,scam,synthetic,Bank blocked your account. Call immediate on +910969840540 and share OTP to reactivate.,,
L00468,legit,merchant_txn,Your ECS mandate for INR 5000 with Amazon is registered. Mandate ID: XGDH3U0RCO.,,
L00322,legit,merchant_txn,You have received INR 999 from Ramesh into your UPI ID collect11@upi.,,
L00006,legit,payment_app,Your a/c ending XXXX6412 is debited by INR 5000 on 2/10/2025. Avl bal: INR 96534.,txn|balance,
L00223,legit,govt_service,You have received INR 1500 from Asha into your UPI ID collect31@upi.,,
S00375,scam,crowd_report,We detected unauthorised activity. Share your UPI PIN to secure your account.,,
L00548,legit,bank_dlt_template,You have received INR 999 from Ramesh into your UPI ID pay35@upi.,,
L00229,legit,payment_app,You have received INR 250 from Asha into your UPI ID pay37@upi.,,
L00040,legit,merchant_txn,Your a/c ending XXXX8563 is debited by INR 199 on 8/11/2025. Avl bal: INR 53327.,txn|balance,
L00543,legit,bank_dlt_template,Your KYC for Gas is completed successfully.,,
L00243,legit,govt_service,"Dear Customer, your bill of INR 1500 for Internet is due on 11/7/2025. Pay at: http://bit.ly/lcnx32",,
L00899,legit,merchant_txn,Your account XXXX8409 has been credited with INR 100 by NEFT. Ref: RRWWS4FZRG.,txn|reference,
S00134,scam,crowd_report,Your UPI refund of INR 50 is pending. Enter OTP 180757 to confirm refund: http://tinyurl.com/hwdo0k,phishing_link|refund_scam|otp_request,
S00449,scam,honeypot,Your payment failed. Retry here: http://tinyurl.com/oxqevb and enter the OTP to complete.,phishing_link,
S00869,scam,honeypot,This is Support from Amazon. Send me the OTP you received to approve payment.,,
L00843,legit,bank_dlt_template,Your ECS mandate for INR 999 with BookMyShow is registered. Mandate ID: YCPUUKBI7I.,,
S00419,scam,crowd_report,Your UPI refund of INR 5000 is pending. Enter OTP 228808 to confirm refund: http://tinyurl.com/jl5wd5,phishing_link|refund_scam|otp_request,
S00654,scam,synthetic,Congrats! You've won cashback INR 499. Click http://tinyurl.com/ko0dxj to claim now.,phishing_link,
S00970,scam,honeypot,This is CustomerCare from Axis Bank. Send me the OTP you received to approve payment.,,
L00662,legit,payment_app,Payment of INR 999 to BigBasket using UPI was successful. Txn ID: 337PD7CDZP.,reference,
S00211,scam,honeypot,We detected unauthorised activity. Share your UPI PIN to secure your account.,,
L00315,legit,payment_app,Your KYC for Internet is completed successfully.,,
L00692,legit,bank_dlt_template,"Dear Customer, your bill of INR 100 for Electricity is due on 8/9/2025. Pay at: http://refund-now.in/zee31b",reference,
S00504,scam,news_sample,Someone sent you INR 100. Accept collect request at collect65@upi to receive funds.,collect_request,
L00425,legit,payment_app,Your account XXXX5813 has been credited with INR 100 by NEFT. Ref: EGKAZAL4W7.,txn|reference,
L00595,legit,govt_service,Your OTP for transaction of INR 50 at ICICI is 878910. Do not share it with anyone.,otp,
S00964,scam,news_sample,We detected unauthorised activity. Share your UPI PIN to secure your account.,,
L00623,legit,payment_app,Payment of INR 250 to BookMyShow using UPI was successful. Txn ID: O9R7LJ5MV6.,reference,
S00171,scam,crowd_report,Install this app http://tinyurl.com/rx3bto to get a refund from Flipkart.,phishing_link|refund_scam,
S00044,scam,honeypot,Rs 100 credited. Please refund INR 1073 to confirm identity: http://refund-now.in/v3ynry,phishing_link|refund_scam,
L00228,legit,bank_dlt_template,"Dear Customer, your bill of INR 250 for Gas is due on 21/5/2025. Pay at: http://secure-pay.in/notikd",,
S00118,scam,synthetic,Install this app http://secure-pay.in/0civlt to get a refund from BigBasket.,phishing_link|refund_scam,
S00332,scam,honeypot,Rs 199 credited. Please refund INR 1675 to confirm identity: http://secure-pay.in/hs0aac,phishing_link|refund_scam,
S00316,scam,synthetic,Bank blocked your account. Call immediate on +911562868531 and share OTP to reactivate.,,
L00067,legit,merchant_txn,You have received INR 999 from Priya into your UPI ID id62@upi.,,
L00025,legit,bank_dlt_template,Your OTP for transaction of INR 499 at SBI is 221761. Do not share it with anyone.,otp,
L00145,legit,payment_app,You have received INR 499 from Vijay into your UPI ID collect38@upi.,,
L00537,legit,payment_app,You have received INR 499 from Rahul into your UPI ID pay57@upi.,,
L00812,legit,payment_app,Your ECS mandate for INR 100 with SBI is registered. Mandate ID: M8ML7K7GOP.,,
S00467,scam,crowd_report,Pay INR 250 as token to release your prize. Pay here: http://example.com/jawt3t,phishing_link,
L00086,legit,payment_app,Txn of INR 999 to Ramesh is successful. Ref: BIXOIQ2Q4Q.,reference,
S00661,scam,news_sample,Congrats! You've won cashback INR 999. Click http://tinyurl.com/cveg1y to claim now.,phishing_link,
S00646,scam,crowd_report,This is Admin from Zomato. Send me the OTP you received to approve payment.,,
S00805,scam,news_sample,This is Admin from Axis Bank. Send me the OTP you received to approve payment.,,
S00818,scam,synthetic,Bank blocked your account. Call immediate on +917276243814 and share OTP to reactivate.,,
S00577,scam,crowd_report,Pay INR 999 as token to release your prize. Pay here: http://bit.ly/xq2jya,phishing_link,
S00145,scam,honeypot,Pay INR 199 as token to release your prize. Pay here: http://tinyurl.com/uuu02d,phishing_link,
L00363,legit,bank_dlt_template,Your OTP for transaction of INR 250 at Flipkart is 645528. Do not share it with anyone.,otp,
S00612,scam,news_sample,This is CustomerCare from Amazon. Send me the OTP you received to approve payment.,,
S00866,scam,crowd_report,Bank blocked your account. Call immediate on +919346067050 and share OTP to reactivate.,,
S00027,scam,honeypot,Rs 50 credited. Please refund INR 12586 to confirm identity: http://example.com/bl3ynl,phishing_link|refund_scam,
S00031,scam,synthetic,Rs 999 credited. Please refund INR 12744 to confirm identity: http://secure-pay.in/yux0yk,phishing_link|refund_scam,
S00304,scam,news_sample,Bank blocked your account. Call immediate on +916278510830 and share OTP to reactivate.,,
S00356,scam,honeypot,Pay INR 12345 as token to release your prize. Pay here: http://bit.ly/m3ajq5,phishing_link,
S00731,scam,synthetic,Your payment failed. Retry here: http://refund-now.in/y4i2y5 and enter the OTP to complete.,phishing_link|refund_scam|otp_request,
L00666,legit,payment_app,"Dear Customer, your bill of INR 50 for Gas is due on 12/6/2025. Pay at: http://secure-pay.in/muuw0e",,
L00365,legit,govt_service,Your account XXXX8981 has been credited with INR 199 by NEFT. Ref: UWUFUK15U2.,txn|reference,
L00078,legit,bank_dlt_template,Your account XXXX0351 has been credited with INR 199 by NEFT. Ref: 4IQ7ZJ3SWE.,txn|reference,
L00028,legit,govt_service,Your account XXXX8375 has been credited with INR 100 by NEFT. Ref: 5Z8VMUHXID.,txn|reference,
S00437,scam,honeypot,Rs 199 credited. Please refund INR 2102 to confirm identity: http://secure-pay.in/inho3x,phishing_link|refund_scam,
L00526,legit,bank_dlt_template,Your account XXXX9897 has been credited with INR 100 by NEFT. Ref: UMJACYPZ7F.,txn|reference,
S00835,scam,crowd_report,Install this app http://bit.ly/scy2cn to get a refund from Zomato.,phishing_link|refund_scam,
L00056,legit,merchant_txn,Your KYC for Electricity is completed successfully.,,
L00639,legit,payment_app,Your a/c ending XXXX5417 is debited by INR 250 on 14/9/2025. Avl bal: INR 85710.,txn|balance,
L00303,legit,bank_dlt_template,Payment of INR 1500 to ICICI using UPI was successful. Txn ID: SIWMZAP4VK.,reference,
L00719,legit,payment_app,Your a/c ending XXXX6965 is debited by INR 250 on 7/11/2025. Avl bal: INR 27785.,txn|balance,
L00625,legit,merchant_txn,"Dear Customer, your bill of INR 12345 for Gas is due on 10/4/2025. Pay at: http://tinyurl.com/jdgso5",,
L00008,legit,payment_app,Your account XXXX9610 has been credited with INR 499 by NEFT. Ref: 3BME9FPZUE.,txn|reference,
L00804,legit,merchant_txn,Payment of INR 5000 to Flipkart using UPI was successful. Txn ID: 0C5RL8HUC0.,reference,
S00050,scam,honeypot,Bank blocked your account. Call immediate on +910064266015 and share OTP to reactivate.,,
L00337,legit,bank_dlt_template,Your OTP for transaction of INR 199 at Flipkart is 378404. Do not share it with anyone.,otp,
L00048,legit,merchant_txn,Your a/c ending XXXX5720 is debited by INR 1500 on 1/5/2025. Avl bal: INR 60786.,txn|balance,
S00764,scam,news_sample,Pay INR 1500 as token to release your prize. Pay here: http://example.com/e2obsm,phishing_link,
L00107,legit,payment_app,Payment of INR 12345 to ICICI using UPI was successful. Txn ID: F0ONJPI163.,reference,
L00350,legit,payment_app,"Dear Customer, your bill of INR 50 for Mobile is due on 19/8/2025. Pay at: http://tinyurl.com/5rueil",,
S00080,scam,synthetic,We detected unauthorised activity. Share your UPI PIN to secure your account.,,
L00239,legit,govt_service,Your a/c ending XXXX3924 is debited by INR 499 on 6/4/2025. Avl bal: INR 71759.,txn|balance,
L00214,legit,bank_dlt_template,Your KYC for Gas is completed successfully.,,
S00776,scam,honeypot,This is CustomerCare from BookMyShow. Send me the OTP you received to approve payment.,,
S00139,scam,honeypot,Congrats! You've won cashback INR 999. Click http://tinyurl.com/24avnx to claim now.,phishing_link,
L00794,legit,govt_service,"Alert: A login to your netbanking from new device on 26/2/2025. If not you, call +912130108797.",,
S00587,scam,synthetic,Your payment failed. Retry here: http://refund-now.in/w0hfzm and enter the OTP to complete.,phishing_link|refund_scam|otp_request,
S00583,scam,synthetic,Your payment failed. Retry here: http://bit.ly/02nzsm and enter the OTP to complete.,phishing_link,
S00672,scam,honeypot,Your payment failed. Retry here: http://tinyurl.com/wlilqo and enter the OTP to complete.,phishing_link,
L00524,legit,govt_service,Payment of INR 50 to Zomato using UPI was successful. Txn ID: MLW2EK0BRZ.,reference,
L00233,legit,bank_dlt_template,Your ECS mandate for INR 100 with Zomato is registered. Mandate ID: GBXQJ7DPFS.,,
L00645,legit,govt_service,Txn of INR 199 to Asha is successful. Ref: 3UFEVSTYGX.,reference,
S00508,scam,crowd_report,Someone sent you INR 12345. Accept collect request at refund82@upi to receive funds.,refund_scam|collect_request,
L00534,legit,bank_dlt_template,Your account XXXX0851 has been credited with INR 199 by NEFT. Ref: OFVYG72VWM.,txn|reference,
S00942,scam,crowd_report,This is Admin from BigBasket. Send me the OTP you received to approve payment.,,
L00604,legit,govt_service,Your KYC for Electricity is completed successfully.,,
S00330,scam,synthetic,Your UPI refund of INR 5000 is pending. Enter OTP 956633 to confirm refund: http://bit.ly/edrfqu,phishing_link|refund_scam|otp_request,
S00075,scam,crowd_report,Congrats! You've won cashback INR 1500. Click http://bit.ly/101p1x to claim now.,phishing_link,
S00305,scam,honeypot,Your UPI refund of INR 499 is pending. Enter OTP 457285 to confirm refund: http://secure-pay.in/44xnyu,phishing_link|refund_scam|otp_request,
L00061,legit,govt_service,Payment of INR 1500 to PaytmMall using UPI was successful. Txn ID: 232UTVG9KU.,reference,
S00264,scam,synthetic,Someone sent you INR 5000. Accept collect request at refund45@upi to receive funds.,refund_scam|collect_request,
L00093,legit,bank_dlt_template,"Alert: A login to your netbanking from new device on 9/4/2025. If not you, call +916507956062.",,
L00667,legit,govt_service,You have received INR 100 from Vijay into your UPI ID pay31@upi.,,
L00281,legit,merchant_txn,Your account XXXX9426 has been credited with INR 250 by NEFT. Ref: DILRZQ8BXY.,txn|reference,
S00114,scam,crowd_report,Bank blocked your account. Call immediate on +911848362662 and share OTP to reactivate.,,
L00360,legit,merchant_txn,"Alert: A login to your netbanking from new device on 8/3/2025. If not you, call +910557756156.",,
S00129,scam,news_sample,Someone sent you INR 100. Accept collect request at pay34@upi to receive funds.,collect_request,
S00170,scam,news_sample,Install this app http://secure-pay.in/2r2ox3 to get a refund from SBI.,phishing_link|refund_scam,
L00848,legit,govt_service,Your a/c ending XXXX2442 is debited by INR 499 on 3/4/2025. Avl bal: INR 52523.,txn|balance,
S00522,scam,crowd_report,Your UPI refund of INR 50 is pending. Enter OTP 652712 to confirm refund: http://refund-now.in/ugmdpr,phishing_link|refund_scam|otp_request,
L00111,legit,payment_app,Your OTP for transaction of INR 5000 at Axis Bank is 754280. Do not share it with anyone.,otp,
L00043,legit,merchant_txn,Your KYC for Electricity is completed successfully.,,
L00126,legit,bank_dlt_template,Your account XXXX1938 has been credited with INR 5000 by NEFT. Ref: DLX1Q8F6JN.,txn|reference,
L00205,legit,govt_service,Your KYC for Electricity is completed successfully.,,
L00053,legit,bank_dlt_template,Your OTP for transaction of INR 1500 at ICICI is 495490. Do not share it with anyone.,otp,
L00546,legit,payment_app,Your a/c ending XXXX1785 is debited by INR 250 on 20/7/2025. Avl bal: INR 54690.,txn|balance,
L00069,legit,payment_app,Payment of INR 499 to SBI using UPI was successful. Txn ID: D3KZVH4FZ8.,reference,
S00741,scam,crowd_report,Your payment failed. Retry here: http://tinyurl.com/njqcs2 and enter the OTP to complete.,phishing_link,
S00548,scam,news_sample,Your UPI refund of INR 999 is pending. Enter OTP 534371 to confirm refund: http://secure-pay.in/i2ra2r,phishing_link|refund_scam|otp_request,
L00184,legit,govt_service,Txn of INR 50 to Ramesh is successful. Ref: HLK3YJZ991.,reference,
L00138,legit,bank_dlt_template,Your ECS mandate for INR 100 with Flipkart is registered. Mandate ID: FBSCIQUP06.,,
L00900,legit,bank_dlt_template,Your OTP for transaction of INR 50 at SBI is 741889. Do not share it with anyone.,otp,
L00797,legit,payment_app,Your a/c ending XXXX1629 is debited by INR 12345 on 17/7/2025. Avl bal: INR 74712.,txn|balance,
L00133,legit,merchant_txn,Txn of INR 499 to Rahul is successful. Ref: W7JP61LFC1.,reference,
L00081,legit,bank_dlt_template,Your KYC for Internet is completed successfully.,,
S00987,scam,news_sample,Someone sent you INR 250. Accept collect request at collect73@upi to receive funds.,collect_request,
S00541,scam,synthetic,Pay INR 499 as token to release your prize. Pay here: http://tinyurl.com/mpkemq,phishing_link,
L00542,legit,bank_dlt_template,Payment of INR 499 to SBI using UPI was successful. Txn ID: 8C7J0ZNRUH.,reference,
S00669,scam,news_sample,Your UPI refund of INR 1500 is pending. Enter OTP 411947 to confirm refund: http://secure-pay.in/psdqjj,phishing_link|refund_scam|otp_request,
L00984,legit,govt_service,You have received INR 499 from Ramesh into your UPI ID collect23@upi.,,
L00166,legit,payment_app,Txn of INR 999 to Asha is successful. Ref: AKGMIH6MV4.,reference,
L00249,legit,bank_dlt_template,You have received INR 1500 from Vijay into your UPI ID collect83@upi.,,
L00447,legit,bank_dlt_template,Payment of INR 499 to SBI using UPI was successful. Txn ID: 1ZEQWF1VVW.,reference,
S00515,scam,crowd_report,Your payment failed. Retry here: http://refund-now.in/eeahox and enter the OTP to complete.,phishing_link|refund_scam|otp_request,
L00859,legit,payment_app,Your OTP for transaction of INR 199 at BookMyShow is 352342. Do not share it with anyone.,otp,
S00212,scam,news_sample,Congrats! You've won cashback INR 5000. Click http://bit.ly/vede0l to claim now.,phishing_link,
L00098,legit,payment_app,Txn of INR 199 to Rahul is successful. Ref: 61XSNBTI22.,reference,
S00974,scam,synthetic,Your UPI refund of INR 999 is pending. Enter OTP 416555 to confirm refund: http://secure-pay.in/0v0oat,phishing_link|refund_scam|otp_request,
L00738,legit,bank_dlt_template,You have received INR 50 from Asha into your UPI ID collect94@upi.,,
S00256,scam,news_sample,Congrats! You've won cashback INR 100. Click http://secure-pay.in/m2wd43 to claim now.,phishing_link,
L00103,legit,govt_service,Your OTP for transaction of INR 1500 at PaytmMall is 579404. Do not share it with anyone.,otp,
L00435,legit,payment_app,Your KYC for Gas is completed successfully.,,
L00075,legit,payment_app,Txn of INR 100 to Asha is successful. Ref: Q6JXNNNGBP.,reference,
S00792,scam,crowd_report,Your payment failed. Retry here: http://bit.ly/p5gpuy and enter the OTP to complete.,phishing_link,
S00235,scam,crowd_report,Congrats! You've won cashback INR 199. Click http://tinyurl.com/yvkseu to claim now.,phishing_link,
L00919,legit,bank_dlt_template,"Alert: A login to your netbanking from new device on 7/9/2025. If not you, call +916580199439.",,
S00712,scam,crowd_report,Rs 499 credited. Please refund INR 5929 to confirm identity: http://secure-pay.in/xd30we,phishing_link|refund_scam,
S00671,scam,honeypot,Install this app http://secure-pay.in/aowgod to get a refund from Axis Bank.,phishing_link|refund_scam,
S00621,scam,synthetic,Rs 199 credited. Please refund INR 352 to confirm identity: http://refund-now.in/qrmb1u,phishing_link|refund_scam,
L00763,legit,merchant_txn,Your a/c ending XXXX6487 is debited by INR 250 on 5/8/2025. Avl bal: INR 94999.,txn|balance,
L00990,legit,govt_service,Your account XXXX0742 has been credited with INR 5000 by NEFT. Ref: VV5AA2KOYR.,txn|reference,
L00389,legit,govt_service,You have received INR 5000 from Rahul into your UPI ID refund16@upi.,reference,
L00236,legit,merchant_txn,Your ECS mandate for INR 499 with BookMyShow is registered. Mandate ID: V8JGUZ4E2U.,,
S00507,scam,crowd_report,Congrats! You've won cashback INR 50. Click http://secure-pay.in/vhcsda to claim now.,phishing_link,
L00268,legit,payment_app,You have received INR 12345 from Asha into your UPI ID collect23@upi.,,
S00188,scam,honeypot,Install this app http://bit.ly/kr14bo to get a refund from BookMyShow.,phishing_link|refund_scam,
L00118,legit,merchant_txn,Your KYC for Internet is completed successfully.,,
S00607,scam,synthetic,Rs 999 credited. Please refund INR 1645 to confirm identity: http://refund-now.in/rfigv3,phishing_link|refund_scam,
L00674,legit,govt_service,Your a/c ending XXXX1004 is debited by INR 250 on 18/10/2025. Avl bal: INR 2548.,txn|balance,
L00250,legit,payment_app,Your account XXXX8335 has been credited with INR 999 by NEFT. Ref: KII1NQ0EI0.,txn|reference,
S00453,scam,news_sample,Bank blocked your account. Call immediate on +915525640985 and share OTP to reactivate.,,
S00995,scam,honeypot,Your UPI refund of INR 250 is pending. Enter OTP 578442 to confirm refund: http://example.com/wkqmsx,phishing_link|refund_scam|otp_request,
L00095,legit,payment_app,Your account XXXX9671 has been credited with INR 199 by NEFT. Ref: 6V4ESDNAI8.,txn|reference,
L00034,legit,merchant_txn,You have received INR 250 from Priya into your UPI ID id70@upi.,,
S00464,scam,honeypot,Your payment failed. Retry here: http://example.com/ylzsgi and enter the OTP to complete.,phishing_link,
S00668,scam,synthetic,Rs 12345 credited. Please refund INR 1969 to confirm identity: http://refund-now.in/fttjq0,phishing_link|refund_scam,
L00449,legit,merchant_txn,Txn of INR 199 to Priya is successful. Ref: HIVDTS8MG0.,reference,
L00717,legit,merchant_txn,You have received INR 250 from Priya into your UPI ID pay14@upi.,,
S00810,scam,synthetic,We detected unauthorised activity. Share your UPI PIN to secure your account.,,
S00518,scam,honeypot,Rs 12345 credited. Please refund INR 1009 to confirm identity: http://tinyurl.com/b3bvtq,phishing_link|refund_scam,
L00001,legit,bank_dlt_template,Txn of INR 499 to Priya is successful. Ref: 0Y6DPBHSAH.,reference,
S00376,scam,news_sample,Rs 100 credited. Please refund INR 750 to confirm identity: http://tinyurl.com/31zozj,phishing_link|refund_scam,
S00102,scam,news_sample,We detected unauthorised activity. Share your UPI PIN to secure your account.,,
S00109,scam,synthetic,Install this app http://bit.ly/ygxp3u to get a refund from BigBasket.,phishing_link|refund_scam,
S00227,scam,honeypot,Someone sent you INR 12345. Accept collect request at refund97@upi to receive funds.,refund_scam|collect_request,
L00083,legit,bank_dlt_template,Txn of INR 50 to Asha is successful. Ref: NTRFZWKXXJ.,reference,
S00289,scam,crowd_report,Your UPI refund of INR 5000 is pending. Enter OTP 105053 to confirm refund: http://refund-now.in/jgj5sg,phishing_link|refund_scam|otp_request,
L00677,legit,payment_app,Your account XXXX2567 has been credited with INR 12345 by NEFT. Ref: 18QZB6UXQR.,txn|reference,
S00921,scam,crowd_report,Pay INR 250 as token to release your prize. Pay here: http://bit.ly/1rqzit,phishing_link,
S00047,scam,honeypot,We detected unauthorised activity. Share your UPI PIN to secure your account.,,
L00771,legit,merchant_txn,"Alert: A login to your netbanking from new device on 6/3/2025. If not you, call +910653975278.",,
S00947,scam,news_sample,Your UPI refund of INR 499 is pending. Enter OTP 339139 to confirm refund: http://example.com/o10mfm,phishing_link|refund_scam|otp_request,
S00281,scam,honeypot,Congrats! You've won cashback INR 499. Click http://refund-now.in/pkmh13 to claim now.,phishing_link|refund_scam,
S00581,scam,news_sample,Someone sent you INR 12345. Accept collect request at id52@upi to receive funds.,collect_request,
S00489,scam,synthetic,Bank blocked your account. Call immediate on +917304255547 and share OTP to reactivate.,,
L00405,legit,bank_dlt_template,Your OTP for transaction of INR 12345 at ICICI is 583717. Do not share it with anyone.,otp,
S00728,scam,news_sample,Your payment failed. Retry here: http://tinyurl.com/rlbamc and enter the OTP to complete.,phishing_link,
S00299,scam,honeypot,This is Support from PaytmMall. Send me the OTP you received to approve payment.,,
S00341,scam,crowd_report,Your payment failed. Retry here: http://refund-now.in/uorxvi and enter the OTP to complete.,phishing_link|refund_scam|otp_request,
L00105,legit,bank_dlt_template,Txn of INR 199 to Ramesh is successful. Ref: LKJXJQ5NV8.,reference,
L00689,legit,bank_dlt_template,Your account XXXX0652 has been credited with INR 499 by NEFT. Ref: BC82SG0YPJ.,txn|reference,
S00306,scam,synthetic,Congrats! You've won cashback INR 12345. Click http://secure-pay.in/stgqds to claim now.,phishing_link,
L00827,legit,merchant_txn,Your OTP for transaction of INR 199 at Zomato is 682084. Do not share it with anyone.,otp,
L00063,legit,govt_service,Txn of INR 199 to Ramesh is successful. Ref: 01PDDHCVSQ.,reference,
L00853,legit,merchant_txn,Txn of INR 50 to Priya is successful. Ref: 7TJ2GWD8UB.,reference,
S00354,scam,crowd_report,Congrats! You've won cashback INR 199. Click http://refund-now.in/bx5i5k to claim now.,phishing_link|refund_scam,
L00224,legit,bank_dlt_template,"Alert: A login to your netbanking from new device on 13/5/2025. If not you, call +916799008009.",,
L00146,legit,payment_app,"Dear Customer, your bill of INR 199 for Electricity is due on 1/5/2025. Pay at: http://tinyurl.com/ytfkk1",,
S00089,scam,honeypot,Your UPI refund of INR 100 is pending. Enter OTP 377745 to confirm refund: http://example.com/3kalie,phishing_link|refund_scam|otp_request,
L00374,legit,govt_service,Your OTP for transaction of INR 12345 at Flipkart is 517955. Do not share it with anyone.,otp,
S00421,scam,crowd_report,We detected unauthorised activity. Share your UPI PIN to secure your account.,,
S00143,scam,honeypot,Rs 1500 credited. Please refund INR 806 to confirm identity: http://bit.ly/zorlav,phishing_link|refund_scam,
S00827,scam,synthetic,Your UPI refund of INR 1500 is pending. Enter OTP 795674 to confirm refund: http://tinyurl.com/i4zmur,phishing_link|refund_scam|otp_request,
S00495,scam,honeypot,This is Admin from Amazon. Send me the OTP you received to approve payment.,,
S00602,scam,honeypot,Rs 199 credited. Please refund INR 1212 to confirm identity: http://refund-now.in/tc3kjc,phishing_link|refund_scam,
S00271,scam,synthetic,Install this app http://secure-pay.in/mo5zrn to get a refund from ICICI.,phishing_link|refund_scam,
L00010,legit,merchant_txn,You have received INR 499 from Rahul into your UPI ID pay36@upi.,,
L00450,legit,bank_dlt_template,Your account XXXX3933 has been credited with INR 999 by NEFT. Ref: XTKXGY93FO.,txn|reference,
L00709,legit,merchant_txn,"Dear Customer, your bill of INR 100 for Mobile is due on 3/7/2025. Pay at: http://secure-pay.in/0bwfps",,
L00256,legit,merchant_txn,Your ECS mandate for INR 999 with Flipkart is registered. Mandate ID: OUFHW8WLVA.,,
L00883,legit,merchant_txn,Your OTP for transaction of INR 1500 at BigBasket is 380448. Do not share it with anyone.,otp,
L00390,legit,merchant_txn,Your KYC for Gas is completed successfully.,,
L00909,legit,merchant_txn,"Alert: A login to your netbanking from new device on 6/11/2025. If not you, call +914972412144.",,
L00925,legit,govt_service,Txn of INR 199 to Ramesh is successful. Ref: GPIREXQWWF.,reference,
S00704,scam,synthetic,This is CustomerCare from Flipkart. Send me the OTP you received to approve payment.,,
S00233,scam,news_sample,Your UPI refund of INR 250 is pending. Enter OTP 948796 to confirm refund: http://secure-pay.in/ct2vpa,phishing_link|refund_scam|otp_request,
L00461,legit,merchant_txn,"Alert: A login to your netbanking from new device on 2/12/2025. If not you, call +918787038272.",,
S00270,scam,synthetic,Congrats! You've won cashback INR 250. Click http://tinyurl.com/xldta4 to claim now.,phishing_link,
S00760,scam,honeypot,We detected unauthorised activity. Share your UPI PIN to secure your account.,,
S00169,scam,crowd_report,This is Support from Axis Bank. Send me the OTP you received to approve payment.,,
L00959,legit,govt_service,Payment of INR 1500 to BookMyShow using UPI was successful. Txn ID: 7Q0ECDC9YP.,reference,
L00502,legit,payment_app,Your account XXXX6685 has been credited with INR 12345 by NEFT. Ref: H1Y3BQHOK3.,txn|reference,
L00740,legit,govt_service,Your KYC for Gas is completed successfully.,,
S00850,scam,honeypot,Bank blocked your account. Call immediate on +918608217684 and share OTP to reactivate.,,
L00869,legit,govt_service,Payment of INR 50 to BookMyShow using UPI was successful. Txn ID: 6O60DB5A3Z.,reference,
L00732,legit,bank_dlt_template,Your OTP for transaction of INR 12345 at BookMyShow is 881320. Do not share it with anyone.,otp,
L00540,legit,payment_app,"Alert: A login to your netbanking from new device on 12/10/2025. If not you, call +910863624201.",,
S00202,scam,news_sample,Your UPI refund of INR 499 is pending. Enter OTP 110336 to confirm refund: http://secure-pay.in/nxuvge,phishing_link|refund_scam|otp_request,
L00698,legit,merchant_txn,Your a/c ending XXXX7295 is debited by INR 499 on 1/12/2025. Avl bal: INR 15478.,txn|balance,
S00393,scam,news_sample,Bank blocked your account. Call immediate on +919667796517 and share OTP to reactivate.,,
S00377,scam,honeypot,Bank blocked your account. Call immediate on +916560700820 and share OTP to reactivate.,,
S00146,scam,crowd_report,Your payment failed. Retry here: http://example.com/ul4aap and enter the OTP to complete.,phishing_link,
S00032,scam,crowd_report,Congrats! You've won cashback INR 199. Click http://tinyurl.com/bm2325 to claim now.,phishing_link,
L00373,legit,bank_dlt_template,Your account XXXX4459 has been credited with INR 100 by NEFT. Ref: WS81BXD7IT.,txn|reference,
L00668,legit,payment_app,Payment of INR 12345 to ICICI using UPI was successful. Txn ID: 55C2IBJVSL.,reference,
S00526,scam,crowd_report,Pay INR 250 as token to release your prize. Pay here: http://bit.ly/qlqlk1,phishing_link,
L00358,legit,merchant_txn,Your OTP for transaction of INR 199 at Amazon is 163660. Do not share it with anyone.,otp,
L00968,legit,merchant_txn,Your ECS mandate for INR 100 with PaytmMall is registered. Mandate ID: CDCOWDXCJ1.,,
L00784,legit,bank_dlt_template,Your OTP for transaction of INR 5000 at Flipkart is 241259. Do not share it with anyone.,otp,
L00736,legit,payment_app,Your KYC for Gas is completed successfully.,,
S00036,scam,synthetic,Install this app http://refund-now.in/2firbo to get a refund from BookMyShow.,phishing_link|refund_scam,
L00971,legit,bank_dlt_template,Your ECS mandate for INR 50 with BookMyShow is registered. Mandate ID: 7I6BXPDZLH.,,
S00525,scam,news_sample,Bank blocked your account. Call immediate on +919765133376 and share OTP to reactivate.,,
S00487,scam,crowd_report,Pay INR 499 as token to release your prize. Pay here: http://secure-pay.in/wgehcp,phishing_link,
S00524,scam,news_sample,Bank blocked your account. Call immediate on +918313801308 and share OTP to reactivate.,,
S00491,scam,crowd_report,Install this app http://tinyurl.com/12zxyt to get a refund from SBI.,phishing_link|refund_scam,
S00643,scam,honeypot,Rs 999 credited. Please refund INR 471 to confirm identity: http://example.com/24fqo3,phishing_link|refund_scam,
S00253,scam,honeypot,Congrats! You've won cashback INR 50. Click http://bit.ly/gymbwn to claim now.,phishing_link,
S00694,scam,crowd_report,Congrats! You've won cashback INR 999. Click http://refund-now.in/lrysww to claim now.,phishing_link|refund_scam,
S00750,scam,news_sample,This is Admin from Axis Bank. Send me the OTP you received to approve payment.,,
S00237,scam,synthetic,Install this app http://refund-now.in/x031lj to get a refund from BigBasket.,phishing_link|refund_scam,
L00886,legit,payment_app,Your KYC for Electricity is completed successfully.,,
L00080,legit,govt_service,Your ECS mandate for INR 499 with ICICI is registered. Mandate ID: 0U93MZYWR7.,,
S00173,scam,honeypot,Rs 12345 credited. Please refund INR 444 to confirm identity: http://example.com/wwipnn,phishing_link|refund_scam,
L00815,legit,govt_service,Your account XXXX5973 has been credited with INR 5000 by NEFT. Ref: JPHGKNX8Y4.,txn|reference,
S00286,scam,crowd_report,Your UPI refund of INR 5000 is pending. Enter OTP 576152 to confirm refund: http://bit.ly/z251dv,phishing_link|refund_scam|otp_request,
L00672,legit,payment_app,Payment of INR 999 to Zomato using UPI was successful. Txn ID: 91F8BV5ZHP.,reference,
S00532,scam,crowd_report,Someone sent you INR 999. Accept collect request at refund36@upi to receive funds.,refund_scam|collect_request,
L00058,legit,govt_service,"Dear Customer, your bill of INR 5000 for Gas is due on 18/3/2025. Pay at: http://tinyurl.com/iwzszr",,
L00134,legit,payment_app,Your OTP for transaction of INR 499 at PaytmMall is 834061. Do not share it with anyone.,otp,
S00141,scam,news_sample,Your UPI refund of INR 5000 is pending. Enter OTP 954127 to confirm refund: http://example.com/e4lshu,phishing_link|refund_scam|otp_request,
L00934,legit,govt_service,"Alert: A login to your netbanking from new device on 25/2/2025. If not you, call +918627679577.",,
S00685,scam,news_sample,Someone sent you INR 1500. Accept collect request at id66@upi to receive funds.,collect_request,
L00824,legit,govt_service,Your ECS mandate for INR 250 with Flipkart is registered. Mandate ID: MHVKCXALLS.,,
S00215,scam,honeypot,Pay INR 999 as token to release your prize. Pay here: http://secure-pay.in/klx1j0,phishing_link,
L00505,legit,bank_dlt_template,Your OTP for transaction of INR 1500 at BigBasket is 909918. Do not share it with anyone.,otp,
S00775,scam,synthetic,Bank blocked your account. Call immediate on +911893130755 and share OTP to reactivate.,,
L00348,legit,merchant_txn,Your KYC for Internet is completed successfully.,,
L00387,legit,bank_dlt_template,Your a/c ending XXXX6357 is debited by INR 250 on 12/6/2025. Avl bal: INR 37461.,txn|balance,
S00025,scam,honeypot,Someone sent you INR 1500. Accept collect request at collect52@upi to receive funds.,collect_request,
L00895,legit,payment_app,Your KYC for Gas is completed successfully.,,
L00829,legit,govt_service,"Dear Customer, your bill of INR 199 for Electricity is due on 9/5/2025. Pay at: http://tinyurl.com/1ymq2c",,
S00893,scam,synthetic,Your payment failed. Retry here: http://refund-now.in/jih3rb and enter the OTP to complete.,phishing_link|refund_scam|otp_request,
L00476,legit,bank_dlt_template,You have received INR 100 from Asha into your UPI ID refund26@upi.,reference,
S00471,scam,crowd_report,Install this app http://example.com/rqgrln to get a refund from PaytmMall.,phishing_link|refund_scam,
S00448,scam,synthetic,Install this app http://example.com/sopcxx to get a refund from BigBasket.,phishing_link|refund_scam,
S00582,scam,crowd_report,Rs 1500 credited. Please refund INR 1914 to confirm identity: http://bit.ly/lq1nyx,phishing_link|refund_scam,
L00653,legit,bank_dlt_template,You have received INR 999 from Rahul into your UPI ID refund87@upi.,reference,
L00173,legit,bank_dlt_template,Your account XXXX9310 has been credited with INR 100 by NEFT. Ref: JH34UDTLVR.,txn|reference,
S00150,scam,news_sample,Install this app http://example.com/d4odms to get a refund from Flipkart.,phishing_link|refund_scam,
L00039,legit,govt_service,Your OTP for transaction of INR 12345 at BookMyShow is 590110. Do not share it with anyone.,otp,
L00714,legit,bank_dlt_template,You have received INR 199 from Asha into your UPI ID refund65@upi.,reference,
L00091,legit,bank_dlt_template,Your ECS mandate for INR 100 with BookMyShow is registered. Mandate ID: 6WW8YL68NT.,,
S00937,scam,synthetic,Someone sent you INR 999. Accept collect request at refund27@upi to receive funds.,refund_scam|collect_request,
S00206,scam,news_sample,Your UPI refund of INR 999 is pending. Enter OTP 899595 to confirm refund: http://tinyurl.com/1vidje,phishing_link|refund_scam|otp_request,
L00876,legit,bank_dlt_template,Your ECS mandate for INR 999 with BookMyShow is registered. Mandate ID: N8WNUT6JD1.,,
S00352,scam,crowd_report,This is Support from ICICI. Send me the OTP you received to approve payment.,,
S00890,scam,honeypot,Install this app http://example.com/gpuyfn to get a refund from BookMyShow.,phishing_link|refund_scam,
S00094,scam,synthetic,Install this app http://secure-pay.in/awe4qz to get a refund from Zomato.,phishing_link|refund_scam,
S00156,scam,honeypot,Install this app http://refund-now.in/elrcoz to get a refund from Axis Bank.,phishing_link|refund_scam,
S00782,scam,crowd_report,Congrats! You've won cashback INR 199. Click http://example.com/uxyzn4 to claim now.,phishing_link,
S00959,scam,news_sample,Install this app http://secure-pay.in/xt15d4 to get a refund from PaytmMall.,phishing_link|refund_scam,
L00500,legit,bank_dlt_template,Your KYC for Gas is completed successfully.,,
L00339,legit,bank_dlt_template,You have received INR 100 from Asha into your UPI ID refund72@upi.,reference,
S00189,scam,synthetic,We detected unauthorised activity. Share your UPI PIN to secure your account.,,
L00029,legit,bank_dlt_template,"Alert: A login to your netbanking from new device on 8/7/2025. If not you, call +910321230713.",,
S00218,scam,crowd_report,Install this app http://example.com/qx25u4 to get a refund from BigBasket.,phishing_link|refund_scam,
S00400,scam,news_sample,Bank blocked your account. Call immediate on +910454703320 and share OTP to reactivate.,,
S00821,scam,crowd_report,Your UPI refund of INR 100 is pending. Enter OTP 479472 to confirm refund: http://secure-pay.in/51tzjp,phishing_link|refund_scam|otp_request,
L00946,legit,merchant_txn,You have received INR 999 from Vijay into your UPI ID pay52@upi.,,
L00170,legit,govt_service,"Alert: A login to your netbanking from new device on 10/5/2025. If not you, call +917523583078.",,
S00405,scam,synthetic,Your UPI refund of INR 250 is pending. Enter OTP 344083 to confirm refund: http://secure-pay.in/nricz2,phishing_link|refund_scam|otp_request,
S00198,scam,news_sample,We detected unauthorised activity. Share your UPI PIN to secure your account.,,
S00254,scam,honeypot,Bank blocked your account. Call immediate on +918379788688 and share OTP to reactivate.,,
S00614,scam,synthetic,This is Admin from PaytmMall. Send me the OTP you received to approve payment.,,
L00913,legit,payment_app,Your account XXXX1590 has been credited with INR 1500 by NEFT. Ref: HT1U37EB8Q.,txn|reference,
L00492,legit,merchant_txn,Your account XXXX9124 has been credited with INR 100 by NEFT. Ref: 1D5C21O6WW.,txn|reference,
L00954,legit,bank_dlt_template,"Dear Customer, your bill of INR 12345 for Gas is due on 7/3/2025. Pay at: http://example.com/fgb5lg",,
S00098,scam,synthetic,This is Support from Flipkart. Send me the OTP you received to approve payment.,,
S00033,scam,crowd_report,Bank blocked your account. Call immediate on +919690382149 and share OTP to reactivate.,,
L00588,legit,govt_service,Payment of INR 199 to SBI using UPI was successful. Txn ID: PQVCZKAKJ6.,reference,
L00751,legit,govt_service,Your OTP for transaction of INR 12345 at Amazon is 919737. Do not share it with anyone.,otp,
L00658,legit,bank_dlt_template,Your a/c ending XXXX2081 is debited by INR 199 on 18/1/2025. Avl bal: INR 91254.,txn|balance,
L00235,legit,merchant_txn,"Dear Customer, your bill of INR 12345 for Electricity is due on 22/10/2025. Pay at: http://tinyurl.com/3mdiur",,
L00733,legit,govt_service,Txn of INR 50 to Asha is successful. Ref: SJ64YW5R1F.,reference,
S00989,scam,crowd_report,Someone sent you INR 5000. Accept collect request at collect91@upi to receive funds.,collect_request,
S00633,scam,honeypot,This is CustomerCare from Zomato. Send me the OTP you received to approve payment.,,
S00157,scam,synthetic,Congrats! You've won cashback INR 12345. Click http://example.com/bg0gqm to claim now.,phishing_link,
S00470,scam,crowd_report,Rs 1500 credited. Please refund INR 2127 to confirm identity: http://bit.ly/tkdryq,phishing_link|refund_scam,
S00425,scam,news_sample,Pay INR 12345 as token to release your prize. Pay here: http://example.com/vdygtk,phishing_link,
S00628,scam,news_sample,Bank blocked your account. Call immediate on +918453333607 and share OTP to reactivate.,,
L00935,legit,bank_dlt_template,"Dear Customer, your bill of INR 50 for Gas is due on 8/8/2025. Pay at: http://tinyurl.com/1sjnon",,
S00210,scam,synthetic,Congrats! You've won cashback INR 199. Click http://refund-now.in/hsap2c to claim now.,phishing_link|refund_scam,
S00066,scam,synthetic,This is CustomerCare from Flipkart. Send me the OTP you received to approve payment.,,
L00109,legit,govt_service,You have received INR 50 from Priya into your UPI ID id58@upi.,,
S00543,scam,honeypot,This is Support from ICICI. Send me the OTP you received to approve payment.,,
L00569,legit,bank_dlt_template,You have received INR 5000 from Asha into your UPI ID pay74@upi.,,
S00168,scam,honeypot,Someone sent you INR 250. Accept collect request at refund98@upi to receive funds.,refund_scam|collect_request,
S00175,scam,honeypot,Your UPI refund of INR 499 is pending. Enter OTP 425081 to confirm refund: http://secure-pay.in/omje4l,phishing_link|refund_scam|otp_request,
L00891,legit,payment_app,"Alert: A login to your netbanking from new device on 2/5/2025. If not you, call +910738786466.",,
L00948,legit,payment_app,Txn of INR 50 to Vijay is successful. Ref: CJPUF7VXQO.,reference,
S00049,scam,honeypot,Rs 100 credited. Please refund INR 13127 to confirm identity: http://tinyurl.com/dobrhl,phishing_link|refund_scam,
S00353,scam,crowd_report,Pay INR 199 as token to release your prize. Pay here: http://example.com/evxlpo,phishing_link,
S00778,scam,news_sample,Rs 1500 credited. Please refund INR 5101 to confirm identity: http://bit.ly/sid0rr,phishing_link|refund_scam,
S00447,scam,synthetic,Someone sent you INR 250. Accept collect request at collect68@upi to receive funds.,collect_request,
L00885,legit,payment_app,You have received INR 12345 from Asha into your UPI ID collect47@upi.,,
S00673,scam,crowd_report,This is CustomerCare from BookMyShow. Send me the OTP you received to approve payment.,,
L00851,legit,payment_app,"Alert: A login to your netbanking from new device on 18/8/2025. If not you, call +917039418391.",,
L00735,legit,payment_app,Your ECS mandate for INR 1500 with ICICI is registered. Mandate ID: TT8KZ3Q0EW.,,
L00718,legit,merchant_txn,Your account XXXX8639 has been credited with INR 12345 by NEFT. Ref: W8EX6WAQPV.,txn|reference,
L00455,legit,merchant_txn,Payment of INR 999 to Flipkart using UPI was successful. Txn ID: 8K0HF36C0O.,reference,
L00265,legit,govt_service,Your KYC for Internet is completed successfully.,,
L00076,legit,merchant_txn,Your KYC for Mobile is completed successfully.,,
S00658,scam,synthetic,Congrats! You've won cashback INR 999. Click http://tinyurl.com/5i4d35 to claim now.,phishing_link,
L00445,legit,govt_service,Your KYC for Electricity is completed successfully.,,
L00396,legit,govt_service,"Dear Customer, your bill of INR 50 for Internet is due on 13/8/2025. Pay at: http://refund-now.in/t3wswr",reference,
L00177,legit,merchant_txn,Your ECS mandate for INR 12345 with Zomato is registered. Mandate ID: YVGV0E7450.,,
S00043,scam,honeypot,Congrats! You've won cashback INR 50. Click http://bit.ly/l5dtmv to claim now.,phishing_link,
S00736,scam,news_sample,Install this app http://refund-now.in/mocn0o to get a refund from PaytmMall.,phishing_link|refund_scam,
S00402,scam,synthetic,Bank blocked your account. Call immediate on +912215649443 and share OTP to reactivate.,,
S00381,scam,synthetic,Someone sent you INR 5000. Accept collect request at pay46@upi to receive funds.,collect_request,
L00596,legit,bank_dlt_template,Your account XXXX0481 has been credited with INR 12345 by NEFT. Ref: 96ACH245L5.,txn|reference,
L00062,legit,payment_app,"Alert: A login to your netbanking from new device on 18/10/2025. If not you, call +917870680914.",,
S00297,scam,synthetic,Your payment failed. Retry here: http://secure-pay.in/0wttoo and enter the OTP to complete.,phishing_link,
L00873,legit,govt_service,Your OTP for transaction of INR 50 at PaytmMall is 467205. Do not share it with anyone.,otp,
S00490,scam,crowd_report,Rs 100 credited. Please refund INR 951 to confirm identity: http://refund-now.in/oeoacf,phishing_link|refund_scam,
S00879,scam,synthetic,This is Admin from ICICI. Send me the OTP you received to approve payment.,,
L00279,legit,payment_app,"Dear Customer, your bill of INR 199 for Internet is due on 16/8/2025. Pay at: http://example.com/ypv3gv",,
L00037,legit,bank_dlt_template,You have received INR 1500 from Ramesh into your UPI ID pay82@upi.,,
S00976,scam,honeypot,Congrats! You've won cashback INR 12345. Click http://example.com/dzqfp5 to claim now.,phishing_link,
L00663,legit,govt_service,Payment of INR 250 to Flipkart using UPI was successful. Txn ID: LZVGW9HNE0.,reference,
S00954,scam,synthetic,Your UPI refund of INR 250 is pending. Enter OTP 664992 to confirm refund: http://bit.ly/cqblk3,phishing_link|refund_scam|otp_request,
S00445,scam,news_sample,Congrats! You've won cashback INR 12345. Click http://refund-now.in/strv5f to claim now.,phishing_link|refund_scam,
L00978,legit,merchant_txn,"Dear Customer, your bill of INR 5000 for Mobile is due on 17/2/2025. Pay at: http://bit.ly/raxxle",,
S00572,scam,synthetic,Someone sent you INR 999. Accept collect request at pay16@upi to receive funds.,collect_request,
L00739,legit,bank_dlt_template,Payment of INR 199 to Zomato using UPI was successful. Txn ID: HM3J5UESL4.,reference,
L00192,legit,merchant_txn,Payment of INR 100 to PaytmMall using UPI was successful. Txn ID: 37IC0LZIGI.,reference,
L00920,legit,payment_app,Your a/c ending XXXX1848 is debited by INR 50 on 22/7/2025. Avl bal: INR 57312.,txn|balance,
L00457,legit,merchant_txn,Txn of INR 250 to Priya is successful. Ref: PBRTG6C2RR.,reference,
L00676,legit,payment_app,Your KYC for Gas is completed successfully.,,
L00761,legit,merchant_txn,"Dear Customer, your bill of INR 199 for Electricity is due on 24/9/2025. Pay at: http://example.com/ta1pwl",,
S00808,scam,honeypot,Someone sent you INR 50. Accept collect request at refund74@upi to receive funds.,refund_scam|collect_request,
S00603,scam,news_sample,Congrats! You've won cashback INR 999. Click http://refund-now.in/4z3aqe to claim now.,phishing_link|refund_scam,
L00729,legit,bank_dlt_template,Txn of INR 199 to Priya is successful. Ref: 2AE21761J0.,reference,
L00413,legit,govt_service,Txn of INR 1500 to Vijay is successful. Ref: G3VTL1DRZ0.,reference,
S00099,scam,news_sample,Pay INR 5000 as token to release your prize. Pay here: http://bit.ly/kouvef,phishing_link,
L00826,legit,merchant_txn,You have received INR 100 from Rahul into your UPI ID collect22@upi.,,
S00640,scam,synthetic,Install this app http://secure-pay.in/bs2nzr to get a refund from BigBasket.,phishing_link|refund_scam,
L00617,legit,govt_service,Your ECS mandate for INR 12345 with BookMyShow is registered. Mandate ID: 0JGQEVDM63.,,
L00115,legit,payment_app,"Alert: A login to your netbanking from new device on 1/6/2025. If not you, call +912524716056.",,
L00418,legit,merchant_txn,"Dear Customer, your bill of INR 1500 for Internet is due on 4/2/2025. Pay at: http://refund-now.in/3xvsny",reference,
S00911,scam,crowd_report,Your UPI refund of INR 199 is pending. Enter OTP 168678 to confirm refund: http://bit.ly/bvundw,phishing_link|refund_scam|otp_request,
L00970,legit,govt_service,Your KYC for Gas is completed successfully.,,
L00605,legit,payment_app,Txn of INR 50 to Asha is successful. Ref: XJ5YHY8N59.,reference,
S00919,scam,honeypot,Someone sent you INR 250. Accept collect request at pay80@upi to receive funds.,collect_request,
L00090,legit,merchant_txn,"Alert: A login to your netbanking from new device on 11/10/2025. If not you, call +914537321054.",,
L00849,legit,govt_service,Your account XXXX3379 has been credited with INR 499 by NEFT. Ref: 0LR3OOZIT4.,txn|reference,
S00520,scam,crowd_report,This is Admin from Axis Bank. Send me the OTP you received to approve payment.,,
S00918,scam,synthetic,Your payment failed. Retry here: http://secure-pay.in/ces2ln and enter the OTP to complete.,phishing_link,
L00754,legit,payment_app,Txn of INR 1500 to Vijay is successful. Ref: MP4ELVMBGQ.,reference,
L00499,legit,merchant_txn,Your ECS mandate for INR 250 with BigBasket is registered. Mandate ID: 22SNJU9F51.,,
S00277,scam,news_sample,Your payment failed. Retry here: http://example.com/lnffdx and enter the OTP to complete.,phishing_link,
S00326,scam,honeypot,Congrats! You've won cashback INR 499. Click http://bit.ly/0ss24e to claim now.,phishing_link,
L00012,legit,payment_app,Your ECS mandate for INR 12345 with SBI is registered. Mandate ID: Q14J1RIPZI.,,
L00397,legit,payment_app,"Dear Customer, your bill of INR 499 for Electricity is due on 2/6/2025. Pay at: http://example.com/ktmaau",,
L00285,legit,bank_dlt_template,Payment of INR 5000 to BookMyShow using UPI was successful. Txn ID: OHDSRS8ANP.,reference,
S00067,scam,honeypot,Congrats! You've won cashback INR 250. Click http://secure-pay.in/ak1jeu to claim now.,phishing_link,
S00192,scam,news_sample,We detected unauthorised activity. Share your UPI PIN to secure your account.,,
S00745,scam,crowd_report,Someone sent you INR 999. Accept collect request at id76@upi to receive funds.,collect_request,
L00691,legit,govt_service,Your account XXXX2013 has been credited with INR 5000 by NEFT. Ref: KV78RTJR2G.,txn|reference,
S00753,scam,crowd_report,Bank blocked your account. Call immediate on +918588907372 and share OTP to reactivate.,,
S00876,scam,crowd_report,Your UPI refund of INR 199 is pending. Enter OTP 275612 to confirm refund: http://example.com/ir4nqf,phishing_link|refund_scam|otp_request,
L00690,legit,bank_dlt_template,Your a/c ending XXXX7818 is debited by INR 250 on 9/3/2025. Avl bal: INR 45472.,txn|balance,
L00852,legit,bank_dlt_template,"Alert: A login to your netbanking from new device on 11/5/2025. If not you, call +919767287259.",,
L00160,legit,merchant_txn,"Alert: A login to your netbanking from new device on 14/5/2025. If not you, call +915417495964.",,
L00896,legit,bank_dlt_template,"Alert: A login to your netbanking from new device on 8/7/2025. If not you, call +915795607473.",,
S00576,scam,synthetic,Install this app http://refund-now.in/3qicmf to get a refund from BookMyShow.,phishing_link|refund_scam,
L00258,legit,merchant_txn,Your account XXXX3160 has been credited with INR 1500 by NEFT. Ref: 81ZQUA1QRD.,txn|reference,
L00336,legit,payment_app,Your ECS mandate for INR 999 with SBI is registered. Mandate ID: LN2V51PSXT.,,
S00880,scam,honeypot,We detected unauthorised activity. Share your UPI PIN to secure your account.,,
S00040,scam,synthetic,Rs 100 credited. Please refund INR 1089 to confirm identity: http://example.com/qjwhmk,phishing_link|refund_scam,
L00516,legit,merchant_txn,"Dear Customer, your bill of INR 100 for Internet is due on 26/11/2025. Pay at: http://tinyurl.com/32cyjx",,
S00349,scam,synthetic,We detected unauthorised activity. Share your UPI PIN to secure your account.,,
S00016,scam,honeypot,Your payment failed. Retry here: http://refund-now.in/w2ijrx and enter the OTP to complete.,phishing_link|refund_scam|otp_request,
L00769,legit,merchant_txn,Your KYC for Mobile is completed successfully.,,
S00747,scam,news_sample,Your payment failed. Retry here: http://tinyurl.com/dh0h4c and enter the OTP to complete.,phishing_link,
L00762,legit,payment_app,Your KYC for Gas is completed successfully.,,
S00247,scam,crowd_report,Install this app http://secure-pay.in/l1xeyi to get a refund from Axis Bank.,phishing_link|refund_scam,
S00204,scam,honeypot,Bank blocked your account. Call immediate on +910233755633 and share OTP to reactivate.,,
S00468,scam,news_sample,We detected unauthorised activity. Share your UPI PIN to secure your account.,,
S00984,scam,crowd_report,Rs 1500 credited. Please refund INR 309 to confirm identity: http://example.com/g0c5pd,phishing_link|refund_scam,
L00522,legit,govt_service,You have received INR 499 from Priya into your UPI ID collect47@upi.,,
L00023,legit,payment_app,"Dear Customer, your bill of INR 499 for Mobile is due on 27/5/2025. Pay at: http://tinyurl.com/cjxfer",,
L00357,legit,merchant_txn,Txn of INR 199 to Vijay is successful. Ref: 2LQSQBBX5N.,reference,
S00278,scam,honeypot,Your UPI refund of INR 1500 is pending. Enter OTP 712157 to confirm refund: http://bit.ly/plvytw,phishing_link|refund_scam|otp_request,
S00313,scam,synthetic,Congrats! You've won cashback INR 50. Click http://tinyurl.com/l30vtc to claim now.,phishing_link,
S00683,scam,crowd_report,Your payment failed. Retry here: http://secure-pay.in/0p2zu0 and enter the OTP to complete.,phishing_link,
L00341,legit,govt_service,Your account XXXX7848 has been credited with INR 250 by NEFT. Ref: NOMB42O3Q8.,txn|reference,
L00432,legit,payment_app,Txn of INR 250 to Vijay is successful. Ref: R2C23AG9XC.,reference,
L00474,legit,bank_dlt_template,Your a/c ending XXXX2312 is debited by INR 12345 on 12/11/2025. Avl bal: INR 25351.,txn|balance,
L00218,legit,bank_dlt_template,"Dear Customer, your bill of INR 12345 for Electricity is due on 14/4/2025. Pay at: http://bit.ly/hcsb5p",,
L00912,legit,bank_dlt_template,"Alert: A login to your netbanking from new device on 14/11/2025. If not you, call +913910208884.",,
S00228,scam,news_sample,Congrats! You've won cashback INR 50. Click http://tinyurl.com/tuadqo to claim now.,phishing_link,
S00597,scam,news_sample,Your UPI refund of INR 12345 is pending. Enter OTP 276178 to confirm refund: http://example.com/wdhzzw,phishing_link|refund_scam|otp_request,
S00012,scam,honeypot,Someone sent you INR 499. Accept collect request at collect50@upi to receive funds.,collect_request,
S00950,scam,crowd_report,Someone sent you INR 499. Accept collect request at collect46@upi to receive funds.,collect_request,
L00094,legit,payment_app,Your ECS mandate for INR 999 with BigBasket is registered. Mandate ID: FU38GL2ZXJ.,,
S00009,scam,honeypot,Install this app http://secure-pay.in/yd0o51 to get a refund from BigBasket.,phishing_link|refund_scam,
S00071,scam,synthetic,Bank blocked your account. Call immediate on +912248289988 and share OTP to reactivate.,,
S00093,scam,news_sample,Pay INR 5000 as token to release your prize. Pay here: http://secure-pay.in/u102r2,phishing_link,
S00915,scam,news_sample,This is Support from PaytmMall. Send me the OTP you received to approve payment.,,
S00309,scam,synthetic,We detected unauthorised activity. Share your UPI PIN to secure your account.,,
L00697,legit,bank_dlt_template,Your ECS mandate for INR 499 with Amazon is registered. Mandate ID: RU4C2P2K5Q.,,
S00828,scam,synthetic,Pay INR 499 as token to release your prize. Pay here: http://example.com/wzohjo,phishing_link,
L00997,legit,govt_service,Payment of INR 250 to Amazon using UPI was successful. Txn ID: 0NRVVQFN0I.,reference,
L00154,legit,govt_service,You have received INR 12345 from Priya into your UPI ID refund44@upi.,reference,
S00100,scam,honeypot,Bank blocked your account. Call immediate on +915772581218 and share OTP to reactivate.,,
S00719,scam,honeypot,Your UPI refund of INR 199 is pending. Enter OTP 992120 to confirm refund: http://refund-now.in/vbd3o3,phishing_link|refund_scam|otp_request,
S00998,scam,crowd_report,This is Support from BigBasket. Send me the OTP you received to approve payment.,,
L00790,legit,bank_dlt_template,"Dear Customer, your bill of INR 100 for Internet is due on 16/1/2025. Pay at: http://example.com/cued0i",,
L00581,legit,bank_dlt_template,Your OTP for transaction of INR 100 at PaytmMall is 456406. Do not share it with anyone.,otp,
L00704,legit,payment_app,Your OTP for transaction of INR 100 at BigBasket is 644461. Do not share it with anyone.,otp,
S00213,scam,honeypot,Rs 999 credited. Please refund INR 1086 to confirm identity: http://secure-pay.in/hbffzr,phishing_link|refund_scam,
S00296,scam,news_sample,Bank blocked your account. Call immediate on +916350778958 and share OTP to reactivate.,,
S00666,scam,synthetic,Your payment failed. Retry here: http://refund-now.in/vjo3mr and enter the OTP to complete.,phishing_link|refund_scam|otp_request,
S00261,scam,honeypot,Congrats! You've won cashback INR 50. Click http://bit.ly/1i5ogw to claim now.,phishing_link,
L00488,legit,merchant_txn,You have received INR 50 from Asha into your UPI ID refund67@upi.,reference,
L00560,legit,merchant_txn,Payment of INR 199 to BookMyShow using UPI was successful. Txn ID: KGICX7FNBA.,reference,
S00142,scam,synthetic,Congrats! You've won cashback INR 100. Click http://refund-now.in/kcdlro to claim now.,phishing_link|refund_scam,
S00120,scam,honeypot,Install this app http://tinyurl.com/mjl514 to get a refund from SBI.,phishing_link|refund_scam,
L00802,legit,govt_service,Your a/c ending XXXX1465 is debited by INR 250 on 25/1/2025. Avl bal: INR 29011.,txn|balance,
L00513,legit,govt_service,Your ECS mandate for INR 12345 with Flipkart is registered. Mandate ID: RA0T51LC8A.,,
L00634,legit,bank_dlt_template,Your account XXXX1894 has been credited with INR 250 by NEFT. Ref: UQAJELIVWO.,txn|reference,
S00922,scam,honeypot,Pay INR 50 as token to release your prize. Pay here: http://refund-now.in/yxv4rt,phishing_link|refund_scam,
S00788,scam,honeypot,Congrats! You've won cashback INR 250. Click http://example.com/bo4djj to claim now.,phishing_link,
S00546,scam,synthetic,Install this app http://secure-pay.in/s2sr2h to get a refund from Flipkart.,phishing_link|refund_scam,
S00151,scam,crowd_report,Your UPI refund of INR 5000 is pending. Enter OTP 579632 to confirm refund: http://tinyurl.com/ri3tkq,phishing_link|refund_scam|otp_request,
L00791,legit,bank_dlt_template,Txn of INR 50 to Asha is successful. Ref: AD0XH2MECY.,reference,
L00117,legit,merchant_txn,Your KYC for Internet is completed successfully.,,
L00741,legit,payment_app,Your ECS mandate for INR 100 with BookMyShow is registered. Mandate ID: DCVMSAK0OJ.,,
S00691,scam,crowd_report,Bank blocked your account. Call immediate on +918724283792 and share OTP to reactivate.,,
S00082,scam,synthetic,Someone sent you INR 999. Accept collect request at pay90@upi to receive funds.,collect_request,
L00831,legit,bank_dlt_template,Txn of INR 12345 to Ramesh is successful. Ref: OK80TY97L0.,reference,
L00120,legit,bank_dlt_template,Txn of INR 100 to Ramesh is successful. Ref: DZ09WFTBGM.,reference,
L00657,legit,payment_app,"Alert: A login to your netbanking from new device on 2/12/2025. If not you, call +918215226057.",,
S00908,scam,news_sample,Congrats! You've won cashback INR 100. Click http://bit.ly/md125x to claim now.,phishing_link,
L00636,legit,govt_service,Your KYC for Gas is completed successfully.,,
L00370,legit,govt_service,Your KYC for Internet is completed successfully.,,
L00269,legit,govt_service,Your a/c ending XXXX5778 is debited by INR 199 on 12/2/2025. Avl bal: INR 23540.,txn|balance,
L00656,legit,bank_dlt_template,Payment of INR 250 to BigBasket using UPI was successful. Txn ID: HYAUKLWWIA.,reference,
L00936,legit,bank_dlt_template,You have received INR 100 from Ramesh into your UPI ID refund67@upi.,reference,
L00823,legit,payment_app,Your ECS mandate for INR 199 with BookMyShow is registered. Mandate ID: 5DEPU0F80G.,,
L00867,legit,govt_service,Your account XXXX4250 has been credited with INR 50 by NEFT. Ref: INOEVZRPE7.,txn|reference,
L00047,legit,merchant_txn,Your ECS mandate for INR 250 with Amazon is registered. Mandate ID: TN7E36HTF4.,,
S00374,scam,news_sample,Someone sent you INR 250. Accept collect request at refund95@upi to receive funds.,refund_scam|collect_request,
S00709,scam,crowd_report,Install this app http://bit.ly/hlt1bo to get a refund from Amazon.,phishing_link|refund_scam,
L00992,legit,bank_dlt_template,Your a/c ending XXXX7777 is debited by INR 199 on 4/11/2025. Avl bal: INR 76389.,txn|balance,
L00877,legit,merchant_txn,Your KYC for Electricity is completed successfully.,,
L00774,legit,govt_service,You have received INR 199 from Ramesh into your UPI ID pay16@upi.,,
S00220,scam,synthetic,Install this app http://bit.ly/d4th2f to get a refund from Flipkart.,phishing_link|refund_scam,
S01000,scam,crowd_report,Someone sent you INR 999. Accept collect request at id30@upi to receive funds.,collect_request,
L00005,legit,govt_service,Your OTP for transaction of INR 100 at Axis Bank is 349565. Do not share it with anyone.,otp,
S00004,scam,news_sample,Install this app http://refund-now.in/avip5i to get a refund from Zomato.,phishing_link|refund_scam,
S00724,scam,news_sample,Bank blocked your account. Call immediate on +915798687637 and share OTP to reactivate.,,
L00264,legit,merchant_txn,Your account XXXX4809 has been credited with INR 499 by NEFT. Ref: BVYOW47LUE.,txn|reference,
S00570,scam,synthetic,Rs 50 credited. Please refund INR 786 to confirm identity: http://tinyurl.com/2ezoyc,phishing_link|refund_scam,
S00831,scam,synthetic,Pay INR 199 as token to release your prize. Pay here: http://secure-pay.in/kmc5k1,phishing_link,
L00444,legit,payment_app,Your a/c ending XXXX0351 is debited by INR 1500 on 20/3/2025. Avl bal: INR 3740.,txn|balance,
S00003,scam,news_sample,Someone sent you INR 50. Accept collect request at pay96@upi to receive funds.,collect_request,
S00078,scam,honeypot,Your payment failed. Retry here: http://bit.ly/raotm2 and enter the OTP to complete.,phishing_link,
L00838,legit,govt_service,"Alert: A login to your netbanking from new device on 19/4/2025. If not you, call +917749748393.",,
S00791,scam,honeypot,Your payment failed. Retry here: http://secure-pay.in/a21ns3 and enter the OTP to complete.,phishing_link,
L00305,legit,merchant_txn,Payment of INR 250 to Zomato using UPI was successful. Txn ID: 802NQ52NLO.,reference,
S00366,scam,crowd_report,Someone sent you INR 1500. Accept collect request at refund17@upi to receive funds.,refund_scam|collect_request,
S00558,scam,crowd_report,Bank blocked your account. Call immediate on +913122620795 and share OTP to reactivate.,,
L00314,legit,merchant_txn,"Dear Customer, your bill of INR 999 for Electricity is due on 20/2/2025. Pay at: http://secure-pay.in/co3eur",,
L00150,legit,bank_dlt_template,Your ECS mandate for INR 1500 with SBI is registered. Mandate ID: EOZ906GNHH.,,
S00149,scam,honeypot,Install this app http://bit.ly/vykriv to get a refund from ICICI.,phishing_link|refund_scam,
S00214,scam,news_sample,Install this app http://bit.ly/mojxfl to get a refund from Zomato.,phishing_link|refund_scam,
L00575,legit,payment_app,"Alert: A login to your netbanking from new device on 21/7/2025. If not you, call +918029968437.",,
L00051,legit,govt_service,"Dear Customer, your bill of INR 12345 for Gas is due on 7/6/2025. Pay at: http://secure-pay.in/f254q0",,
S00553,scam,honeypot,Install this app http://tinyurl.com/qtpvpb to get a refund from BookMyShow.,phishing_link|refund_scam,
L00727,legit,govt_service,Payment of INR 999 to PaytmMall using UPI was successful. Txn ID: U71JX73RY7.,reference,
L00834,legit,payment_app,Your OTP for transaction of INR 499 at Amazon is 142321. Do not share it with anyone.,otp,
S00378,scam,crowd_report,Pay INR 100 as token to release your prize. Pay here: http://refund-now.in/flu12s,phishing_link|refund_scam,
S00116,scam,news_sample,This is CustomerCare from Zomato. Send me the OTP you received to approve payment.,,
S00167,scam,news_sample,Rs 199 credited. Please refund INR 2152 to confirm identity: http://tinyurl.com/su2iyw,phishing_link|refund_scam,
L00471,legit,payment_app,Payment of INR 199 to Zomato using UPI was successful. Txn ID: 9KJPQ8SEUT.,reference,
L00972,legit,payment_app,"Alert: A login to your netbanking from new device on 7/9/2025. If not you, call +919971490382.",,
L00654,legit,govt_service,"Dear Customer, your bill of INR 499 for Electricity is due on 10/6/2025. Pay at: http://bit.ly/xeq4ny",,
L00400,legit,payment_app,Txn of INR 12345 to Asha is successful. Ref: 9E5GV7P2A2.,reference,
L00512,legit,merchant_txn,"Dear Customer, your bill of INR 499 for Electricity is due on 2/4/2025. Pay at: http://secure-pay.in/bjfj5i",,
L00321,legit,govt_service,You have received INR 1500 from Priya into your UPI ID collect97@upi.,,
L00020,legit,bank_dlt_template,Txn of INR 250 to Vijay is successful. Ref: AOI4E8XF7K.,reference,
L00685,legit,bank_dlt_template,You have received INR 199 from Asha into your UPI ID collect34@upi.,,
L00036,legit,merchant_txn,"Alert: A login to your netbanking from new device on 10/9/2025. If not you, call +912713783138.",,
L00903,legit,bank_dlt_template,Your KYC for Internet is completed successfully.,,
S00779,scam,honeypot,This is Support from ICICI. Send me the OTP you received to approve payment.,,
L00828,legit,merchant_txn,You have received INR 12345 from Asha into your UPI ID pay41@upi.,,
S00854,scam,news_sample,Congrats! You've won cashback INR 250. Click http://example.com/vvsbsb to claim now.,phishing_link,
L00408,legit,merchant_txn,Your KYC for Gas is completed successfully.,,
L00921,legit,merchant_txn,"Alert: A login to your netbanking from new device on 11/11/2025. If not you, call +910849696248.",,
L00538,legit,bank_dlt_template,"Alert: A login to your netbanking from new device on 18/5/2025. If not you, call +919479644398.",,
L00759,legit,merchant_txn,Your a/c ending XXXX2497 is debited by INR 199 on 17/6/2025. Avl bal: INR 65081.,txn|balance,
S00905,scam,news_sample,This is CustomerCare from PaytmMall. Send me the OTP you received to approve payment.,,
S00063,scam,synthetic,Pay INR 100 as token to release your prize. Pay here: http://bit.ly/flmi1h,phishing_link,
S00200,scam,honeypot,We detected unauthorised activity. Share your UPI PIN to secure your account.,,
L00246,legit,merchant_txn,Your account XXXX2380 has been credited with INR 499 by NEFT. Ref: N3F9ZXQERB.,txn|reference,
S00417,scam,news_sample,Someone sent you INR 1500. Accept collect request at pay43@upi to receive funds.,collect_request,
S00128,scam,crowd_report,Rs 499 credited. Please refund INR 5144 to confirm identity: http://example.com/nrwk5d,phishing_link|refund_scam,
L00785,legit,govt_service,Your ECS mandate for INR 199 with Flipkart is registered. Mandate ID: 19YEI8P4YE.,,
S00743,scam,synthetic,Rs 250 credited. Please refund INR 414 to confirm identity: http://bit.ly/zydmmu,phishing_link|refund_scam,
L00490,legit,payment_app,You have received INR 5000 from Vijay into your UPI ID id33@upi.,,
L00155,legit,govt_service,Payment of INR 5000 to SBI using UPI was successful. Txn ID: P6HJB2JTXB.,reference,
L00962,legit,payment_app,Your account XXXX5534 has been credited with INR 199 by NEFT. Ref: PSPU69CMNJ.,txn|reference,
L00854,legit,govt_service,Your account XXXX0126 has been credited with INR 100 by NEFT. Ref: AHW9TTKYXA.,txn|reference,
S00312,scam,news_sample,Someone sent you INR 1500. Accept collect request at collect72@upi to receive funds.,collect_request,
L00626,legit,bank_dlt_template,Your OTP for transaction of INR 100 at BookMyShow is 774705. Do not share it with anyone.,otp,
L00686,legit,govt_service,"Alert: A login to your netbanking from new device on 4/6/2025. If not you, call +914670802453.",,
S00562,scam,crowd_report,Your UPI refund of INR 50 is pending. Enter OTP 830439 to confirm refund: http://bit.ly/mdmmwv,phishing_link|refund_scam|otp_request,
L00570,legit,payment_app,"Dear Customer, your bill of INR 100 for Gas is due on 3/2/2025. Pay at: http://secure-pay.in/c1x1k5",,
S00909,scam,honeypot,Install this app http://refund-now.in/exvtqh to get a refund from BookMyShow.,phishing_link|refund_scam,
L00018,legit,bank_dlt_template,"Dear Customer, your bill of INR 250 for Mobile is due on 6/5/2025. Pay at: http://tinyurl.com/40s45v",,
L00128,legit,govt_service,"Dear Customer, your bill of INR 1500 for Mobile is due on 23/10/2025. Pay at: http://tinyurl.com/ecaxpn",,
S00347,scam,synthetic,Bank blocked your account. Call immediate on +911724994499 and share OTP to reactivate.,,
S00280,scam,news_sample,Rs 100 credited. Please refund INR 353 to confirm identity: http://secure-pay.in/bwrxqn,phishing_link|refund_scam,
S00969,scam,crowd_report,Congrats! You've won cashback INR 12345. Click http://secure-pay.in/inonoz to claim now.,phishing_link,
L00928,legit,govt_service,"Alert: A login to your netbanking from new device on 18/3/2025. If not you, call +915381924979.",,
L00981,legit,payment_app,Payment of INR 250 to Amazon using UPI was successful. Txn ID: 63F9HKJF0U.,reference,
S00965,scam,crowd_report,We detected unauthorised activity. Share your UPI PIN to secure your account.,,
L00191,legit,bank_dlt_template,Txn of INR 199 to Ramesh is successful. Ref: HNXI09P5EL.,reference,
S00140,scam,honeypot,Bank blocked your account. Call immediate on +912400118409 and share OTP to reactivate.,,
L00993,legit,govt_service,Your a/c ending XXXX4110 is debited by INR 250 on 10/2/2025. Avl bal: INR 64585.,txn|balance,
S00956,scam,synthetic,Your UPI refund of INR 12345 is pending. Enter OTP 521201 to confirm refund: http://refund-now.in/u3omyu,phishing_link|refund_scam|otp_request,
S00657,scam,crowd_report,Your payment failed. Retry here: http://refund-now.in/4glymb and enter the OTP to complete.,phishing_link|refund_scam|otp_request,
L00607,legit,payment_app,Your ECS mandate for INR 999 with Axis Bank is registered. Mandate ID: BHLF80HKKW.,,
L00181,legit,merchant_txn,Payment of INR 5000 to Zomato using UPI was successful. Txn ID: 08L0HG9NCB.,reference,
L00302,legit,govt_service,Your a/c ending XXXX2504 is debited by INR 199 on 4/4/2025. Avl bal: INR 5084.,txn|balance,
L00497,legit,bank_dlt_template,You have received INR 50 from Priya into your UPI ID refund24@upi.,reference,
S00721,scam,honeypot,Rs 50 credited. Please refund INR 1884 to confirm identity: http://tinyurl.com/sh4llo,phishing_link|refund_scam,
S00710,scam,honeypot,Bank blocked your account. Call immediate on +910937018803 and share OTP to reactivate.,,
S00888,scam,crowd_report,Rs 199 credited. Please refund INR 842 to confirm identity: http://secure-pay.in/nbiawy,phishing_link|refund_scam,
S00992,scam,synthetic,Someone sent you INR 250. Accept collect request at id29@upi to receive funds.,collect_request,
L00518,legit,bank_dlt_template,Payment of INR 100 to PaytmMall using UPI was successful. Txn ID: XFEVMY1QNQ.,reference,
S00985,scam,synthetic,We detected unauthorised activity. Share your UPI PIN to secure your account.,,
S00070,scam,honeypot,Bank blocked your account. Call immediate on +911864830782 and share OTP to reactivate.,,
L00477,legit,govt_service,Your ECS mandate for INR 499 with SBI is registered. Mandate ID: XUXNB9DSSR.,,
L00158,legit,payment_app,Your a/c ending XXXX2996 is debited by INR 999 on 21/4/2025. Avl bal: INR 11762.,txn|balance,
S00244,scam,crowd_report,We detected unauthorised activity. Share your UPI PIN to secure your account.,,
S00196,scam,synthetic,Someone sent you INR 499. Accept collect request at id43@upi to receive funds.,collect_request,
L00017,legit,payment_app,"Dear Customer, your bill of INR 5000 for Internet is due on 14/10/2025. Pay at: http://bit.ly/ffcaot",,
S00536,scam,news_sample,Congrats! You've won cashback INR 1500. Click http://example.com/tirbhx to claim now.,phishing_link,
S00073,scam,honeypot,Rs 250 credited. Please refund INR 5404 to confirm identity: http://refund-now.in/zsb1wp,phishing_link|refund_scam,
S00972,scam,crowd_report,Congrats! You've won cashback INR 199. Click http://bit.ly/jvsrrr to claim now.,phishing_link,
L00547,legit,merchant_txn,You have received INR 12345 from Vijay into your UPI ID id82@upi.,,
S00540,scam,news_sample,Pay INR 999 as token to release your prize. Pay here: http://bit.ly/fjhpub,phishing_link,
L00659,legit,payment_app,"Alert: A login to your netbanking from new device on 10/1/2025. If not you, call +916231863454.",,
S00626,scam,crowd_report,Rs 1500 credited. Please refund INR 5111 to confirm identity: http://secure-pay.in/14qq30,phishing_link|refund_scam,
S00020,scam,synthetic,Your UPI refund of INR 199 is pending. Enter OTP 526069 to confirm refund: http://secure-pay.in/x1nmhh,phishing_link|refund_scam|otp_request,
S00663,scam,news_sample,Bank blocked your account. Call immediate on +911927559980 and share OTP to reactivate.,,
S00505,scam,news_sample,Bank blocked your account. Call immediate on +913696576737 and share OTP to reactivate.,,
L00960,legit,govt_service,Txn of INR 999 to Rahul is successful. Ref: I0HC39ERM9.,reference,
S00882,scam,news_sample,Rs 250 credited. Please refund INR 1456 to confirm identity: http://refund-now.in/5hppbg,phishing_link|refund_scam,
L00284,legit,merchant_txn,Your a/c ending XXXX1929 is debited by INR 499 on 25/6/2025. Avl bal: INR 3677.,txn|balance,
L00798,legit,merchant_txn,Payment of INR 5000 to SBI using UPI was successful. Txn ID: DERG870SB9.,reference,
S00627,scam,news_sample,Pay INR 250 as token to release your prize. Pay here: http://refund-now.in/tivqjs,phishing_link|refund_scam,
L00226,legit,payment_app,Your a/c ending XXXX1300 is debited by INR 199 on 1/11/2025. Avl bal: INR 77863.,txn|balance,
L00027,legit,payment_app,Txn of INR 5000 to Ramesh is successful. Ref: VCJWTL9TQV.,reference,
S00771,scam,honeypot,We detected unauthorised activity. Share your UPI PIN to secure your account.,,
L00438,legit,merchant_txn,Txn of INR 12345 to Rahul is successful. Ref: 5KG3FYE4HQ.,reference,
S00949,scam,synthetic,Install this app http://refund-now.in/hkxe4r to get a refund from Zomato.,phishing_link|refund_scam,
S00389,scam,crowd_report,Pay INR 499 as token to release your prize. Pay here: http://example.com/4i3isv,phishing_link,
L00230,legit,payment_app,Your KYC for Internet is completed successfully.,,
L00038,legit,govt_service,Your account XXXX2941 has been credited with INR 1500 by NEFT. Ref: IE0RNUJJQ9.,txn|reference,
L00750,legit,payment_app,Your a/c ending XXXX6138 is debited by INR 1500 on 27/1/2025. Avl bal: INR 23693.,txn|balance,
S00046,scam,honeypot,This is Support from Amazon. Send me the OTP you received to approve payment.,,
S00399,scam,synthetic,Pay INR 100 as token to release your prize. Pay here: http://tinyurl.com/pye1sf,phishing_link,
L00470,legit,bank_dlt_template,"Alert: A login to your netbanking from new device on 1/9/2025. If not you, call +913252850554.",,
S00693,scam,crowd_report,We detected unauthorised activity. Share your UPI PIN to secure your account.,,
S00968,scam,synthetic,We detected unauthorised activity. Share your UPI PIN to secure your account.,,
L00688,legit,merchant_txn,"Dear Customer, your bill of INR 50 for Gas is due on 28/8/2025. Pay at: http://secure-pay.in/jvzqtm",,
S00844,scam,crowd_report,Congrats! You've won cashback INR 100. Click http://refund-now.in/3cnz3o to claim now.,phishing_link|refund_scam,
L00640,legit,merchant_txn,Your a/c ending XXXX2852 is debited by INR 999 on 16/6/2025. Avl bal: INR 32266.,txn|balance,
S00713,scam,honeypot,Bank blocked your account. Call immediate on +912982436712 and share OTP to reactivate.,,
S00219,scam,news_sample,Pay INR 1500 as token to release your prize. Pay here: http://secure-pay.in/kqspvk,phishing_link,
S00159,scam,honeypot,Rs 999 credited. Please refund INR 809 to confirm identity: http://secure-pay.in/xehxhm,phishing_link|refund_scam,
S00416,scam,synthetic,Congrats! You've won cashback INR 100. Click http://tinyurl.com/dcmwh1 to claim now.,phishing_link,
S00528,scam,honeypot,We detected unauthorised activity. Share your UPI PIN to secure your account.,,
S00656,scam,honeypot,Bank blocked your account. Call immediate on +912378296130 and share OTP to reactivate.,,
S00301,scam,news_sample,Someone sent you INR 999. Accept collect request at refund42@upi to receive funds.,refund_scam|collect_request,
S00823,scam,honeypot,Pay INR 12345 as token to release your prize. Pay here: http://example.com/x2gnzc,phishing_link,
L00801,legit,govt_service,Your ECS mandate for INR 50 with SBI is registered. Mandate ID: YZU05Z4MLJ.,,
S00604,scam,synthetic,Rs 199 credited. Please refund INR 1355 to confirm identity: http://secure-pay.in/15k4yr,phishing_link|refund_scam,
L00161,legit,payment_app,Your OTP for transaction of INR 999 at Axis Bank is 608768. Do not share it with anyone.,otp,
L00957,legit,bank_dlt_template,You have received INR 999 from Asha into your UPI ID pay97@upi.,,
S00187,scam,news_sample,Your UPI refund of INR 999 is pending. Enter OTP 986025 to confirm refund: http://refund-now.in/jjyp3y,phishing_link|refund_scam|otp_request,
L00822,legit,bank_dlt_template,Your ECS mandate for INR 999 with Amazon is registered. Mandate ID: ZKWE9CZTAR.,,
S00682,scam,news_sample,Your payment failed. Retry here: http://refund-now.in/vnsfut and enter the OTP to complete.,phishing_link|refund_scam|otp_request,
L00878,legit,payment_app,Your a/c ending XXXX6888 is debited by INR 100 on 13/9/2025. Avl bal: INR 14513.,txn|balance,
L00914,legit,merchant_txn,Your account XXXX7215 has been credited with INR 100 by NEFT. Ref: IELGV3GUYG.,txn|reference,
L00153,legit,payment_app,Your KYC for Mobile is completed successfully.,,
S00871,scam,synthetic,Rs 999 credited. Please refund INR 12836 to confirm identity: http://bit.ly/jtv43w,phishing_link|refund_scam,
S00777,scam,synthetic,Bank blocked your account. Call immediate on +913277383902 and share OTP to reactivate.,,
L00510,legit,bank_dlt_template,You have received INR 50 from Ramesh into your UPI ID refund59@upi.,reference,
S00136,scam,crowd_report,We detected unauthorised activity. Share your UPI PIN to secure your account.,,
S00251,scam,crowd_report,Your UPI refund of INR 12345 is pending. Enter OTP 233735 to confirm refund: http://secure-pay.in/ukmtop,phishing_link|refund_scam|otp_request,
S00684,scam,news_sample,Your UPI refund of INR 5000 is pending. Enter OTP 653685 to confirm refund: http://bit.ly/boquiz,phishing_link|refund_scam|otp_request,
L00104,legit,govt_service,Your account XXXX3583 has been credited with INR 5000 by NEFT. Ref: 4BDFHJ4D0J.,txn|reference,
S00446,scam,news_sample,Bank blocked your account. Call immediate on +913410025666 and share OTP to reactivate.,,
S00444,scam,honeypot,Install this app http://tinyurl.com/e4dqdt to get a refund from BigBasket.,phishing_link|refund_scam,
L00587,legit,govt_service,Your KYC for Internet is completed successfully.,,
S00769,scam,crowd_report,Bank blocked your account. Call immediate on +911645830092 and share OTP to reactivate.,,
S00144,scam,honeypot,We detected unauthorised activity. Share your UPI PIN to secure your account.,,
L00054,legit,bank_dlt_template,Your a/c ending XXXX4394 is debited by INR 12345 on 22/10/2025. Avl bal: INR 86695.,txn|balance,
L00152,legit,bank_dlt_template,Your account XXXX0830 has been credited with INR 1500 by NEFT. Ref: 8WM9LBB4M0.,txn|reference,
L00404,legit,payment_app,"Dear Customer, your bill of INR 199 for Electricity is due on 19/2/2025. Pay at: http://tinyurl.com/fd0ah2",,
S00943,scam,crowd_report,Your payment failed. Retry here: http://tinyurl.com/qg2hea and enter the OTP to complete.,phishing_link,
L00208,legit,bank_dlt_template,"Alert: A login to your netbanking from new device on 5/3/2025. If not you, call +917263974247.",,
S00895,scam,news_sample,We detected unauthorised activity. Share your UPI PIN to secure your account.,,
S00123,scam,news_sample,Your UPI refund of INR 499 is pending. Enter OTP 568607 to confirm refund: http://example.com/btp2bs,phishing_link|refund_scam|otp_request,
S00891,scam,honeypot,Someone sent you INR 100. Accept collect request at refund36@upi to receive funds.,refund_scam|collect_request,
L00009,legit,bank_dlt_template,You have received INR 199 from Ramesh into your UPI ID id43@upi.,,
S00015,scam,crowd_report,Your UPI refund of INR 499 is pending. Enter OTP 203854 to confirm refund: http://secure-pay.in/o45tzv,phishing_link|refund_scam|otp_request,
S00907,scam,honeypot,Pay INR 499 as token to release your prize. Pay here: http://tinyurl.com/vcppdm,phishing_link,
S00061,scam,honeypot,Bank blocked your account. Call immediate on +912637002701 and share OTP to reactivate.,,
L00453,legit,govt_service,Your OTP for transaction of INR 1500 at ICICI is 206768. Do not share it with anyone.,otp,
L00254,legit,govt_service,Txn of INR 50 to Vijay is successful. Ref: L4X5BWAEN7.,reference,
S00328,scam,crowd_report,Someone sent you INR 1500. Accept collect request at refund76@upi to receive funds.,refund_scam|collect_request,
L00897,legit,payment_app,"Alert: A login to your netbanking from new device on 21/3/2025. If not you, call +912243908697.",,
S00734,scam,synthetic,Install this app http://tinyurl.com/2nhbv0 to get a refund from BookMyShow.,phishing_link|refund_scam,
L00881,legit,merchant_txn,Your a/c ending XXXX5893 is debited by INR 250 on 9/6/2025. Avl bal: INR 71414.,txn|balance,
S00596,scam,crowd_report,Congrats! You've won cashback INR 999. Click http://tinyurl.com/if2i1a to claim now.,phishing_link,
S00889,scam,honeypot,Pay INR 50 as token to release your prize. Pay here: http://example.com/vhc4ff,phishing_link,
L00624,legit,govt_service,Txn of INR 999 to Priya is successful. Ref: 4YQ5TDFGJ7.,reference,
L00346,legit,payment_app,"Alert: A login to your netbanking from new device on 10/1/2025. If not you, call +919696892899.",,
S00703,scam,crowd_report,Install this app http://refund-now.in/svvqdd to get a refund from Axis Bank.,phishing_link|refund_scam,
L00263,legit,bank_dlt_template,Your KYC for Mobile is completed successfully.,,
S00635,scam,synthetic,Bank blocked your account. Call immediate on +912571757300 and share OTP to reactivate.,,
S00322,scam,crowd_report,Your UPI refund of INR 199 is pending. Enter OTP 151659 to confirm refund: http://tinyurl.com/a0ehq0,phishing_link|refund_scam|otp_request,
S00439,scam,crowd_report,Congrats! You've won cashback INR 100. Click http://bit.ly/uzowck to claim now.,phishing_link,
L00151,legit,payment_app,Your a/c ending XXXX8507 is debited by INR 999 on 14/2/2025. Avl bal: INR 50383.,txn|balance,
L00473,legit,merchant_txn,Payment of INR 1500 to Amazon using UPI was successful. Txn ID: 8CD5LXTNJS.,reference,
L00641,legit,payment_app,You have received INR 12345 from Ramesh into your UPI ID collect62@upi.,,
S00983,scam,honeypot,Install this app http://tinyurl.com/y1o3fz to get a refund from BigBasket.,phishing_link|refund_scam,
S00883,scam,news_sample,Someone sent you INR 999. Accept collect request at pay53@upi to receive funds.,collect_request,
L00551,legit,payment_app,Your account XXXX7358 has been credited with INR 1500 by NEFT. Ref: 90CWBKE4HS.,txn|reference,
S00780,scam,honeypot,Your UPI refund of INR 100 is pending. Enter OTP 858714 to confirm refund: http://refund-now.in/wwfmxq,phishing_link|refund_scam|otp_request,
L00929,legit,merchant_txn,Payment of INR 50 to SBI using UPI was successful. Txn ID: NO6C6ZH6DU.,reference,
L00489,legit,merchant_txn,Your ECS mandate for INR 499 with BigBasket is registered. Mandate ID: IE3FKP96AI.,,
S00812,scam,crowd_report,We detected unauthorised activity. Share your UPI PIN to secure your account.,,
S00172,scam,news_sample,Congrats! You've won cashback INR 12345. Click http://refund-now.in/yfdgt5 to claim now.,phishing_link|refund_scam,
L00147,legit,govt_service,"Dear Customer, your bill of INR 999 for Electricity is due on 17/9/2025. Pay at: http://tinyurl.com/wa0h1e",,
S00705,scam,honeypot,This is Admin from Flipkart. Send me the OTP you received to approve payment.,,
S00929,scam,crowd_report,Install this app http://bit.ly/g50kdp to get a refund from Amazon.,phishing_link|refund_scam,
L00403,legit,govt_service,"Dear Customer, your bill of INR 999 for Electricity is due on 11/4/2025. Pay at: http://refund-now.in/b5ksep",reference,
L00955,legit,payment_app,Your OTP for transaction of INR 100 at PaytmMall is 416323. Do not share it with anyone.,otp,
S00878,scam,crowd_report,Your UPI refund of INR 50 is pending. Enter OTP 313487 to confirm refund: http://refund-now.in/vdeant,phishing_link|refund_scam|otp_request,
L00660,legit,govt_service,Txn of INR 999 to Ramesh is successful. Ref: R8FL9V2QJI.,reference,
S00373,scam,crowd_report,Install this app http://refund-now.in/0a5m1d to get a refund from Axis Bank.,phishing_link|refund_scam,
L00464,legit,merchant_txn,"Alert: A login to your netbanking from new device on 25/5/2025. If not you, call +911787581448.",,
S00350,scam,honeypot,This is CustomerCare from BigBasket. Send me the OTP you received to approve payment.,,
L00187,legit,govt_service,Your account XXXX4164 has been credited with INR 5000 by NEFT. Ref: BDX7M42O34.,txn|reference,
S00148,scam,news_sample,This is Admin from Flipkart. Send me the OTP you received to approve payment.,,
S00225,scam,crowd_report,Rs 1500 credited. Please refund INR 1158 to confirm identity: http://example.com/xdz3nq,phishing_link|refund_scam,
L00609,legit,payment_app,"Dear Customer, your bill of INR 999 for Internet is due on 24/9/2025. Pay at: http://secure-pay.in/nbv3y1",,
L00144,legit,govt_service,Your ECS mandate for INR 100 with SBI is registered. Mandate ID: YEAWHMLVHS.,,
L00752,legit,payment_app,Your ECS mandate for INR 12345 with Axis Bank is registered. Mandate ID: MMBBSU04W4.,,
S00535,scam,honeypot,Bank blocked your account. Call immediate on +918409157743 and share OTP to reactivate.,,
L00982,legit,payment_app,"Alert: A login to your netbanking from new device on 25/4/2025. If not you, call +919930011979.",,
L00198,legit,bank_dlt_template,Your ECS mandate for INR 999 with Zomato is registered. Mandate ID: CM600X28PI.,,
S00634,scam,honeypot,Pay INR 499 as token to release your prize. Pay here: http://tinyurl.com/zjiink,phishing_link,
L00884,legit,merchant_txn,Your account XXXX3591 has been credited with INR 1500 by NEFT. Ref: XQZ21XG77F.,txn|reference,
L00280,legit,merchant_txn,"Alert: A login to your netbanking from new device on 11/12/2025. If not you, call +914434749389.",,
L00294,legit,govt_service,Your ECS mandate for INR 999 with SBI is registered. Mandate ID: 8LEU6ZU1TO.,,
S00824,scam,synthetic,Bank blocked your account. Call immediate on +913451692989 and share OTP to reactivate.,,
L00401,legit,govt_service,Your a/c ending XXXX6247 is debited by INR 199 on 28/4/2025. Avl bal: INR 10153.,txn|balance,
L00123,legit,bank_dlt_template,Your KYC for Mobile is completed successfully.,,
S00208,scam,crowd_report,Someone sent you INR 12345. Accept collect request at id82@upi to receive funds.,collect_request,
L00203,legit,merchant_txn,Your account XXXX2394 has been credited with INR 100 by NEFT. Ref: GK38VHMEWC.,txn|reference,
S00463,scam,honeypot,This is Admin from Amazon. Send me the OTP you received to approve payment.,,
L00836,legit,bank_dlt_template,Your ECS mandate for INR 100 with SBI is registered. Mandate ID: 144VWGJY4P.,,
L00247,legit,bank_dlt_template,You have received INR 100 from Ramesh into your UPI ID refund32@upi.,reference,
S00440,scam,crowd_report,This is CustomerCare from PaytmMall. Send me the OTP you received to approve payment.,,
S00754,scam,synthetic,Install this app http://example.com/fbqtn5 to get a refund from Flipkart.,phishing_link|refund_scam,
S00902,scam,news_sample,Pay INR 1500 as token to release your prize. Pay here: http://bit.ly/omzxxr,phishing_link,
S00708,scam,news_sample,Someone sent you INR 199. Accept collect request at collect26@upi to receive funds.,collect_request,
S00881,scam,synthetic,Congrats! You've won cashback INR 199. Click http://tinyurl.com/fyqlku to claim now.,phishing_link,
S00154,scam,news_sample,Congrats! You've won cashback INR 1500. Click http://example.com/cxyip1 to claim now.,phishing_link,
S00662,scam,honeypot,Your payment failed. Retry here: http://bit.ly/0jxwaw and enter the OTP to complete.,phishing_link,
S00427,scam,synthetic,Congrats! You've won cashback INR 250. Click http://refund-now.in/ukabql to claim now.,phishing_link|refund_scam,
L00385,legit,payment_app,You have received INR 999 from Rahul into your UPI ID refund93@upi.,reference,
S00759,scam,news_sample,Rs 250 credited. Please refund INR 228 to confirm identity: http://example.com/safhta,phishing_link|refund_scam,
L00855,legit,bank_dlt_template,Your ECS mandate for INR 199 with Axis Bank is registered. Mandate ID: EBI7T9P2JM.,,
S00590,scam,crowd_report,Pay INR 499 as token to release your prize. Pay here: http://bit.ly/cva34a,phishing_link,
L00220,legit,govt_service,"Dear Customer, your bill of INR 1500 for Mobile is due on 15/6/2025. Pay at: http://secure-pay.in/b1m13e",,
L00642,legit,merchant_txn,Your OTP for transaction of INR 250 at PaytmMall is 668225. Do not share it with anyone.,otp,
L00002,legit,merchant_txn,Your OTP for transaction of INR 499 at Amazon is 996865. Do not share it with anyone.,otp,
L00113,legit,merchant_txn,Your KYC for Mobile is completed successfully.,,
L00699,legit,govt_service,Payment of INR 1500 to SBI using UPI was successful. Txn ID: WQF1CLNVXN.,reference,
S00916,scam,crowd_report,This is Admin from ICICI. Send me the OTP you received to approve payment.,,
L00952,legit,merchant_txn,Your KYC for Mobile is completed successfully.,,
S00649,scam,honeypot,Rs 1500 credited. Please refund INR 5364 to confirm identity: http://refund-now.in/2ffr5i,phishing_link|refund_scam,
S00637,scam,synthetic,Rs 1500 credited. Please refund INR 5643 to confirm identity: http://bit.ly/4lsn34,phishing_link|refund_scam,
S00886,scam,synthetic,Bank blocked your account. Call immediate on +911060275032 and share OTP to reactivate.,,
S00411,scam,synthetic,Congrats! You've won cashback INR 12345. Click http://example.com/mnw5b1 to claim now.,phishing_link,
S00410,scam,crowd_report,We detected unauthorised activity. Share your UPI PIN to secure your account.,,
S00534,scam,honeypot,Pay INR 5000 as token to release your prize. Pay here: http://refund-now.in/eheur3,phishing_link|refund_scam,
S00292,scam,crowd_report,Pay INR 499 as token to release your prize. Pay here: http://tinyurl.com/p40a0m,phishing_link,
S00809,scam,synthetic,Your UPI refund of INR 499 is pending. Enter OTP 784423 to confirm refund: http://secure-pay.in/iymrxi,phishing_link|refund_scam|otp_request,
L00442,legit,merchant_txn,Txn of INR 100 to Rahul is successful. Ref: 9EQSIMYO7W.,reference,
S00521,scam,honeypot,Pay INR 100 as token to release your prize. Pay here: http://secure-pay.in/z03tcp,phishing_link,
S00137,scam,news_sample,Pay INR 999 as token to release your prize. Pay here: http://secure-pay.in/greypu,phishing_link,
S00716,scam,synthetic,This is Admin from Axis Bank. Send me the OTP you received to approve payment.,,
S00257,scam,crowd_report,Your UPI refund of INR 499 is pending. Enter OTP 727878 to confirm refund: http://refund-now.in/0nut3s,phishing_link|refund_scam|otp_request,
S00864,scam,crowd_report,Your payment failed. Retry here: http://secure-pay.in/kvltzw and enter the OTP to complete.,phishing_link,
S00632,scam,crowd_report,We detected unauthorised activity. Share your UPI PIN to secure your account.,,
S00696,scam,news_sample,Install this app http://bit.ly/vhxx1h to get a refund from Amazon.,phishing_link|refund_scam,
S00398,scam,crowd_report,Bank blocked your account. Call immediate on +916855195111 and share OTP to reactivate.,,
L00664,legit,bank_dlt_template,"Dear Customer, your bill of INR 250 for Internet is due on 23/2/2025. Pay at: http://bit.ly/dj5ula",,
S00836,scam,honeypot,Pay INR 12345 as token to release your prize. Pay here: http://refund-now.in/5ndkfq,phishing_link|refund_scam,
S00258,scam,synthetic,Install this app http://refund-now.in/sjah44 to get a refund from ICICI.,phishing_link|refund_scam,
S00774,scam,synthetic,Pay INR 100 as token to release your prize. Pay here: http://refund-now.in/kcuuht,phishing_link|refund_scam,
S00701,scam,synthetic,Bank blocked your account. Call immediate on +913089116212 and share OTP to reactivate.,,
L00318,legit,govt_service,"Dear Customer, your bill of INR 5000 for Mobile is due on 16/8/2025. Pay at: http://refund-now.in/4dlu5x",reference,
L00649,legit,payment_app,Your KYC for Mobile is completed successfully.,,
S00435,scam,crowd_report,Rs 50 credited. Please refund INR 12823 to confirm identity: http://refund-now.in/dltx1f,phishing_link|refund_scam,
S00480,scam,crowd_report,Install this app http://bit.ly/zajrtl to get a refund from ICICI.,phishing_link|refund_scam,
L00710,legit,govt_service,Your KYC for Electricity is completed successfully.,,
S00383,scam,news_sample,Your payment failed. Retry here: http://tinyurl.com/s0ky0m and enter the OTP to complete.,phishing_link,
S00283,scam,honeypot,Bank blocked your account. Call immediate on +917816200604 and share OTP to reactivate.,,
L00973,legit,merchant_txn,Your OTP for transaction of INR 100 at Axis Bank is 555671. Do not share it with anyone.,otp,
L00628,legit,govt_service,"Dear Customer, your bill of INR 1500 for Gas is due on 19/1/2025. Pay at: http://secure-pay.in/ovlgn5",,
L00633,legit,payment_app,Your account XXXX6416 has been credited with INR 12345 by NEFT. Ref: DOUB5YNKLO.,txn|reference,
S00307,scam,honeypot,We detected unauthorised activity. Share your UPI PIN to secure your account.,,
S00401,scam,news_sample,Your payment failed. Retry here: http://example.com/cfuq34 and enter the OTP to complete.,phishing_link,
S00409,scam,news_sample,Rs 250 credited. Please refund INR 12818 to confirm identity: http://secure-pay.in/mwish3,phishing_link|refund_scam,
S00249,scam,synthetic,Your UPI refund of INR 999 is pending. Enter OTP 102860 to confirm refund: http://refund-now.in/4olnaq,phishing_link|refund_scam|otp_request,
S00953,scam,news_sample,Someone sent you INR 999. Accept collect request at pay34@upi to receive funds.,collect_request,
S00255,scam,honeypot,This is Support from PaytmMall. Send me the OTP you received to approve payment.,,
S00497,scam,news_sample,Someone sent you INR 499. Accept collect request at pay60@upi to receive funds.,collect_request,
S00372,scam,synthetic,Your UPI refund of INR 5000 is pending. Enter OTP 361728 to confirm refund: http://secure-pay.in/vcngbj,phishing_link|refund_scam|otp_request,
S00530,scam,crowd_report,Pay INR 50 as token to release your prize. Pay here: http://refund-now.in/g0krrk,phishing_link|refund_scam,
S00664,scam,crowd_report,This is Support from Zomato. Send me the OTP you received to approve payment.,,
S00355,scam,honeypot,Install this app http://refund-now.in/uqmqyg to get a refund from PaytmMall.,phishing_link|refund_scam,
S00926,scam,synthetic,Bank blocked your account. Call immediate on +919129579637 and share OTP to reactivate.,,
S00901,scam,news_sample,Rs 250 credited. Please refund INR 1052 to confirm identity: http://refund-now.in/vd5xkn,phishing_link|refund_scam,
S00644,scam,honeypot,We detected unauthorised activity. Share your UPI PIN to secure your account.,,
S00849,scam,crowd_report,Congrats! You've won cashback INR 100. Click http://example.com/q4dvdg to claim now.,phishing_link,
L00796,legit,bank_dlt_template,"Dear Customer, your bill of INR 499 for Mobile is due on 16/11/2025. Pay at: http://example.com/wgy05o",,
L00646,legit,merchant_txn,Your OTP for transaction of INR 50 at Zomato is 383336. Do not share it with anyone.,otp,
S00013,scam,honeypot,Congrats! You've won cashback INR 100. Click http://secure-pay.in/54qidz to claim now.,phishing_link,
S00840,scam,news_sample,This is CustomerCare from BigBasket. Send me the OTP you received to approve payment.,,
L00557,legit,payment_app,"Dear Customer, your bill of INR 12345 for Gas is due on 1/11/2025. Pay at: http://example.com/0r43zs",,
L00682,legit,bank_dlt_template,Your KYC for Internet is completed successfully.,,
L00578,legit,bank_dlt_template,Payment of INR 100 to Flipkart using UPI was successful. Txn ID: 8Y0AWRHQS9.,reference,
S00110,scam,news_sample,Bank blocked your account. Call immediate on +916450566740 and share OTP to reactivate.,,
S00267,scam,honeypot,Install this app http://tinyurl.com/ef5lie to get a refund from SBI.,phishing_link|refund_scam,
S00723,scam,news_sample,We detected unauthorised activity. Share your UPI PIN to secure your account.,,
S00184,scam,honeypot,Your UPI refund of INR 499 is pending. Enter OTP 417442 to confirm refund: http://example.com/peobdx,phishing_link|refund_scam|otp_request,
L00525,legit,govt_service,Txn of INR 5000 to Vijay is successful. Ref: RVD79ZURUT.,reference,
S00060,scam,crowd_report,This is CustomerCare from Axis Bank. Send me the OTP you received to approve payment.,,
L00541,legit,bank_dlt_template,You have received INR 100 from Priya into your UPI ID refund44@upi.,reference,
S00195,scam,synthetic,Your UPI refund of INR 499 is pending. Enter OTP 218221 to confirm refund: http://example.com/0frzrm,phishing_link|refund_scam|otp_request,
S00679,scam,synthetic,Congrats! You've won cashback INR 100. Click http://secure-pay.in/movrby to claim now.,phishing_link,
L00749,legit,bank_dlt_template,Payment of INR 5000 to Axis Bank using UPI was successful. Txn ID: IXO9I8P0LW.,reference,
S00852,scam,honeypot,This is CustomerCare from PaytmMall. Send me the OTP you received to approve payment.,,
S00431,scam,crowd_report,Bank blocked your account. Call immediate on +914692062116 and share OTP to reactivate.,,
L00485,legit,bank_dlt_template,Your ECS mandate for INR 250 with Amazon is registered. Mandate ID: LIAGP34SLQ.,,
S00758,scam,news_sample,Congrats! You've won cashback INR 199. Click http://tinyurl.com/irc2ps to claim now.,phishing_link,
L00096,legit,merchant_txn,"Dear Customer, your bill of INR 1500 for Mobile is due on 3/9/2025. Pay at: http://secure-pay.in/absfub",,
S00021,scam,honeypot,Install this app http://bit.ly/yhj4z0 to get a refund from PaytmMall.,phishing_link|refund_scam,
L00564,legit,payment_app,Payment of INR 999 to Zomato using UPI was successful. Txn ID: UZ5ZCFPVW4.,reference,
S00265,scam,synthetic,We detected unauthorised activity. Share your UPI PIN to secure your account.,,
L00743,legit,bank_dlt_template,You have received INR 1500 from Asha into your UPI ID refund54@upi.,reference,
L00864,legit,bank_dlt_template,Your account XXXX1987 has been credited with INR 999 by NEFT. Ref: V9MDPOA8FV.,txn|reference,
S00599,scam,synthetic,Pay INR 12345 as token to release your prize. Pay here: http://bit.ly/xec5pf,phishing_link,
S00715,scam,news_sample,Your UPI refund of INR 1500 is pending. Enter OTP 383135 to confirm refund: http://tinyurl.com/ly3bh2,phishing_link|refund_scam|otp_request,
S00485,scam,honeypot,Rs 12345 credited. Please refund INR 1434 to confirm identity: http://refund-now.in/vel1oq,phishing_link|refund_scam,
L00892,legit,payment_app,You have received INR 5000 from Rahul into your UPI ID id41@upi.,,
S00578,scam,synthetic,Bank blocked your account. Call immediate on +919355473632 and share OTP to reactivate.,,
S00039,scam,synthetic,Your UPI refund of INR 250 is pending. Enter OTP 654700 to confirm refund: http://bit.ly/d1e5gg,phishing_link|refund_scam|otp_request,
L00207,legit,bank_dlt_template,Your account XXXX5849 has been credited with INR 5000 by NEFT. Ref: AQKDM0OAPH.,txn|reference,
L00393,legit,payment_app,Your KYC for Mobile is completed successfully.,,
L00795,legit,merchant_txn,Your a/c ending XXXX4514 is debited by INR 1500 on 7/12/2025. Avl bal: INR 14412.,txn|balance,
L00871,legit,govt_service,Your account XXXX7273 has been credited with INR 999 by NEFT. Ref: RE14JZ4JKA.,txn|reference,
L00398,legit,govt_service,Your KYC for Gas is completed successfully.,,
L00767,legit,govt_service,"Dear Customer, your bill of INR 199 for Electricity is due on 24/3/2025. Pay at: http://bit.ly/at4h0s",,
S00842,scam,honeypot,Congrats! You've won cashback INR 12345. Click http://tinyurl.com/c13avk to claim now.,phishing_link,
S00242,scam,synthetic,Bank blocked your account. Call immediate on +916675164126 and share OTP to reactivate.,,
S00029,scam,crowd_report,Bank blocked your account. Call immediate on +913779731563 and share OTP to reactivate.,,
S00793,scam,honeypot,Pay INR 999 as token to release your prize. Pay here: http://bit.ly/ho3yji,phishing_link,
L00643,legit,merchant_txn,Your OTP for transaction of INR 1500 at Flipkart is 604660. Do not share it with anyone.,otp,
S00892,scam,crowd_report,We detected unauthorised activity. Share your UPI PIN to secure your account.,,
L00613,legit,govt_service,Your KYC for Gas is completed successfully.,,
S00763,scam,news_sample,This is Admin from BigBasket. Send me the OTP you received to approve payment.,,
L00961,legit,payment_app,"Dear Customer, your bill of INR 1500 for Gas is due on 19/10/2025. Pay at: http://refund-now.in/nrgheg",reference,
S00571,scam,synthetic,This is Admin from Flipkart. Send me the OTP you received to approve payment.,,
L00726,legit,govt_service,Txn of INR 100 to Ramesh is successful. Ref: BMED33I7OP.,reference,
L00684,legit,govt_service,Your KYC for Mobile is completed successfully.,,
L00099,legit,govt_service,Your KYC for Internet is completed successfully.,,
L00805,legit,payment_app,Txn of INR 199 to Ramesh is successful. Ref: YGWEZUV263.,reference,
S00752,scam,synthetic,Bank blocked your account. Call immediate on +910273312654 and share OTP to reactivate.,,
S00598,scam,news_sample,Your UPI refund of INR 999 is pending. Enter OTP 334839 to confirm refund: http://example.com/og5eb2,phishing_link|refund_scam|otp_request,
L00407,legit,payment_app,You have received INR 12345 from Vijay into your UPI ID id12@upi.,,
L00503,legit,bank_dlt_template,Your OTP for transaction of INR 1500 at PaytmMall is 705951. Do not share it with anyone.,otp,
S00072,scam,crowd_report,Your payment failed. Retry here: http://refund-now.in/3elugb and enter the OTP to complete.,phishing_link|refund_scam|otp_request,
S00057,scam,synthetic,Your UPI refund of INR 5000 is pending. Enter OTP 693810 to confirm refund: http://tinyurl.com/uft3tx,phishing_link|refund_scam|otp_request,
L00930,legit,merchant_txn,"Alert: A login to your netbanking from new device on 5/10/2025. If not you, call +913839461899.",,
L00780,legit,merchant_txn,Your account XXXX9460 has been credited with INR 1500 by NEFT. Ref: 1QXSR97JXI.,txn|reference,
L00201,legit,bank_dlt_template,Your OTP for transaction of INR 250 at ICICI is 612361. Do not share it with anyone.,otp,
L00135,legit,merchant_txn,Your ECS mandate for INR 199 with Flipkart is registered. Mandate ID: ZVRCTLT4Q9.,,
S00052,scam,news_sample,Your payment failed. Retry here: http://secure-pay.in/idtmrj and enter the OTP to complete.,phishing_link,
L00041,legit,govt_service,Your OTP for transaction of INR 1500 at ICICI is 360330. Do not share it with anyone.,otp,
S00018,scam,crowd_report,Your UPI refund of INR 999 is pending. Enter OTP 364812 to confirm refund: http://tinyurl.com/ribkct,phishing_link|refund_scam|otp_request,
L00231,legit,bank_dlt_template,Your ECS mandate for INR 999 with Amazon is registered. Mandate ID: BADLYPGG6N.,,
S00514,scam,crowd_report,We detected unauthorised activity. Share your UPI PIN to secure your account.,,
S00797,scam,news_sample,Your payment failed. Retry here: http://tinyurl.com/02ibrg and enter the OTP to complete.,phishing_link,
L00379,legit,payment_app,You have received INR 5000 from Vijay into your UPI ID id58@upi.,,
L00289,legit,merchant_txn,"Dear Customer, your bill of INR 999 for Electricity is due on 25/3/2025. Pay at: http://secure-pay.in/1i44j2",,
L00419,legit,payment_app,Your account XXXX0093 has been credited with INR 250 by NEFT. Ref: TCVL0YQZDU.,txn|reference,
S00699,scam,crowd_report,Install this app http://refund-now.in/st4loo to get a refund from PaytmMall.,phishing_link|refund_scam,
L00392,legit,payment_app,Your KYC for Mobile is completed successfully.,,
L00593,legit,payment_app,"Alert: A login to your netbanking from new device on 24/3/2025. If not you, call +916937814709.",,
S00523,scam,crowd_report,Someone sent you INR 12345. Accept collect request at refund47@upi to receive funds.,refund_scam|collect_request,
S00163,scam,synthetic,Congrats! You've won cashback INR 250. Click http://bit.ly/5oxn1l to claim now.,phishing_link,
S00087,scam,honeypot,Pay INR 12345 as token to release your prize. Pay here: http://secure-pay.in/tjedqj,phishing_link,
S00496,scam,crowd_report,Your payment failed. Retry here: http://tinyurl.com/c014gn and enter the OTP to complete.,phishing_link,
L00648,legit,payment_app,"Dear Customer, your bill of INR 250 for Mobile is due on 8/12/2025. Pay at: http://example.com/zistjh",,
S00153,scam,crowd_report,Install this app http://tinyurl.com/nmxkjo to get a refund from Flipkart.,phishing_link|refund_scam,
S00368,scam,synthetic,Bank blocked your account. Call immediate on +911376524796 and share OTP to reactivate.,,
L00521,legit,payment_app,You have received INR 499 from Asha into your UPI ID id34@upi.,,
S00863,scam,news_sample,Rs 5000 credited. Please refund INR 946 to confirm identity: http://tinyurl.com/vthwss,phishing_link|refund_scam,
L00065,legit,bank_dlt_template,Txn of INR 100 to Priya is successful. Ref: BC2SWSOZCT.,reference,
S00837,scam,crowd_report,Install this app http://secure-pay.in/1metx4 to get a refund from Flipkart.,phishing_link|refund_scam,
L00015,legit,payment_app,"Alert: A login to your netbanking from new device on 20/11/2025. If not you, call +910812738720.",,
S00181,scam,news_sample,Rs 1500 credited. Please refund INR 5106 to confirm identity: http://tinyurl.com/zvltkz,phishing_link|refund_scam,
S00065,scam,crowd_report,This is Support from BigBasket. Send me the OTP you received to approve payment.,,
L00493,legit,merchant_txn,You have received INR 1500 from Priya into your UPI ID collect27@upi.,,
L00380,legit,bank_dlt_template,"Alert: A login to your netbanking from new device on 2/6/2025. If not you, call +915764857351.",,
L00188,legit,govt_service,Your a/c ending XXXX1644 is debited by INR 250 on 3/9/2025. Avl bal: INR 86217.,txn|balance,
L00764,legit,merchant_txn,Payment of INR 250 to BookMyShow using UPI was successful. Txn ID: UIZIWNT0Z8.,reference,
L00217,legit,govt_service,You have received INR 50 from Asha into your UPI ID collect68@upi.,,
L00792,legit,payment_app,Payment of INR 999 to Axis Bank using UPI was successful. Txn ID: TZWCD4U4LB.,reference,
S00077,scam,honeypot,Bank blocked your account. Call immediate on +916445862772 and share OTP to reactivate.,,
L00879,legit,bank_dlt_template,Txn of INR 999 to Priya is successful. Ref: MXZX3VBGDI.,reference,
L00338,legit,merchant_txn,Txn of INR 12345 to Priya is successful. Ref: 5I67ZSOOUK.,reference,
S00773,scam,synthetic,Your payment failed. Retry here: http://tinyurl.com/w3a04y and enter the OTP to complete.,phishing_link,
L00720,legit,payment_app,You have received INR 250 from Vijay into your UPI ID pay86@upi.,,
S00749,scam,honeypot,Pay INR 5000 as token to release your prize. Pay here: http://bit.ly/4lu0gm,phishing_link,
L00296,legit,merchant_txn,Your KYC for Mobile is completed successfully.,,
S00726,scam,crowd_report,We detected unauthorised activity. Share your UPI PIN to secure your account.,,
S00017,scam,synthetic,Rs 12345 credited. Please refund INR 928 to confirm identity: http://bit.ly/5jrhsx,phishing_link|refund_scam,
S00276,scam,crowd_report,Rs 999 credited. Please refund INR 965 to confirm identity: http://tinyurl.com/1mta3q,phishing_link|refund_scam,
S00751,scam,news_sample,Rs 199 credited. Please refund INR 1098 to confirm identity: http://example.com/zuplog,phishing_link|refund_scam,
S00486,scam,honeypot,This is Support from PaytmMall. Send me the OTP you received to approve payment.,,
L00456,legit,govt_service,Txn of INR 5000 to Rahul is successful. Ref: QB6TWNVJQJ.,reference,
S00997,scam,synthetic,Someone sent you INR 199. Accept collect request at pay81@upi to receive funds.,collect_request,
L00816,legit,merchant_txn,Your OTP for transaction of INR 250 at SBI is 880093. Do not share it with anyone.,otp,
S00887,scam,synthetic,Pay INR 499 as token to release your prize. Pay here: http://example.com/s1p2fu,phishing_link,
L00270,legit,govt_service,You have received INR 499 from Rahul into your UPI ID pay20@upi.,,
L00996,legit,bank_dlt_template,Payment of INR 1500 to SBI using UPI was successful. Txn ID: 0T3I6KDPR2.,reference,
L00202,legit,payment_app,Your account XXXX4305 has been credited with INR 100 by NEFT. Ref: T3X1HXE5ZA.,txn|reference,
L00162,legit,govt_service,Your OTP for transaction of INR 50 at SBI is 440698. Do not share it with anyone.,otp,
S00580,scam,synthetic,Install this app http://tinyurl.com/q1iqml to get a refund from Axis Bank.,phishing_link|refund_scam,
L00730,legit,merchant_txn,Your account XXXX6918 has been credited with INR 12345 by NEFT. Ref: RF9CFWAWQ4.,txn|reference,
L00402,legit,payment_app,Your account XXXX0672 has been credited with INR 199 by NEFT. Ref: ZXC4VNIBLW.,txn|reference,
L00703,legit,bank_dlt_template,Your KYC for Electricity is completed successfully.,,
S00501,scam,synthetic,Install this app http://refund-now.in/ztdidq to get a refund from Flipkart.,phishing_link|refund_scam,
S00846,scam,crowd_report,Your UPI refund of INR 12345 is pending. Enter OTP 526938 to confirm refund: http://example.com/y2udlf,phishing_link|refund_scam|otp_request,
S00796,scam,crowd_report,Your UPI refund of INR 250 is pending. Enter OTP 826084 to confirm refund: http://bit.ly/pnqqqq,phishing_link|refund_scam|otp_request,
S00130,scam,crowd_report,We detected unauthorised activity. Share your UPI PIN to secure your account.,,
L00566,legit,payment_app,Your a/c ending XXXX1473 is debited by INR 1500 on 1/3/2025. Avl bal: INR 19412.,txn|balance,
S00414,scam,news_sample,Install this app http://refund-now.in/bdeedy to get a refund from ICICI.,phishing_link|refund_scam,
S00022,scam,news_sample,Rs 12345 credited. Please refund INR 958 to confirm identity: http://refund-now.in/fahmau,phishing_link|refund_scam,
S00026,scam,news_sample,Pay INR 999 as token to release your prize. Pay here: http://refund-now.in/vnxawq,phishing_link|refund_scam,
S00412,scam,honeypot,Your UPI refund of INR 50 is pending. Enter OTP 986108 to confirm refund: http://example.com/a24k3j,phishing_link|refund_scam|otp_request,
S00896,scam,honeypot,This is Support from ICICI. Send me the OTP you received to approve payment.,,
S00586,scam,synthetic,Your UPI refund of INR 999 is pending. Enter OTP 338008 to confirm refund: http://refund-now.in/n5suou,phishing_link|refund_scam|otp_request,
S00105,scam,synthetic,This is CustomerCare from BigBasket. Send me the OTP you received to approve payment.,,
L00206,legit,bank_dlt_template,Payment of INR 1500 to Axis Bank using UPI was successful. Txn ID: I0835TVV8Y.,reference,
L00035,legit,payment_app,Your a/c ending XXXX7203 is debited by INR 100 on 19/7/2025. Avl bal: INR 24651.,txn|balance,
L00776,legit,bank_dlt_template,Your KYC for Gas is completed successfully.,,
L00509,legit,payment_app,Your ECS mandate for INR 199 with Zomato is registered. Mandate ID: VV6V3V020I.,,
S00452,scam,news_sample,Congrats! You've won cashback INR 12345. Click http://example.com/id3ohe to claim now.,phishing_link,
S00479,scam,crowd_report,Bank blocked your account. Call immediate on +913652190075 and share OTP to reactivate.,,
S00971,scam,honeypot,Rs 12345 credited. Please refund INR 5671 to confirm identity: http://refund-now.in/jw3eyw,phishing_link|refund_scam,
S00391,scam,news_sample,Install this app http://tinyurl.com/0zesh1 to get a refund from Axis Bank.,phishing_link|refund_scam,
L00092,legit,merchant_txn,Txn of INR 50 to Ramesh is successful. Ref: BCGJC36OQO.,reference,
S00364,scam,synthetic,Your payment failed. Retry here: http://secure-pay.in/eszf21 and enter the OTP to complete.,phishing_link,
L00898,legit,bank_dlt_template,Your OTP for transaction of INR 50 at BookMyShow is 717815. Do not share it with anyone.,otp,
L00565,legit,govt_service,Payment of INR 100 to PaytmMall using UPI was successful. Txn ID: 9LM86R4YL1.,reference,
S00370,scam,honeypot,Bank blocked your account. Call immediate on +919933565374 and share OTP to reactivate.,,
L00777,legit,payment_app,Your account XXXX9932 has been credited with INR 1500 by NEFT. Ref: TYFG2EXQY8.,txn|reference,
L00242,legit,merchant_txn,"Dear Customer, your bill of INR 250 for Gas is due on 24/11/2025. Pay at: http://refund-now.in/jdhtkh",reference,
L00014,legit,merchant_txn,Your OTP for transaction of INR 250 at PaytmMall is 596564. Do not share it with anyone.,otp,
L00316,legit,payment_app,Txn of INR 999 to Asha is successful. Ref: TSXOF33QE6.,reference,
L00601,legit,payment_app,"Alert: A login to your netbanking from new device on 2/9/2025. If not you, call +918680633275.",,
L00388,legit,govt_service,You have received INR 100 from Priya into your UPI ID id35@upi.,,
S00298,scam,crowd_report,Pay INR 199 as token to release your prize. Pay here: http://tinyurl.com/nbeysf,phishing_link,
L00167,legit,bank_dlt_template,Your a/c ending XXXX6567 is debited by INR 100 on 15/8/2025. Avl bal: INR 99159.,txn|balance,
L00841,legit,payment_app,"Alert: A login to your netbanking from new device on 16/1/2025. If not you, call +917530834096.",,
L00021,legit,payment_app,Your account XXXX9405 has been credited with INR 5000 by NEFT. Ref: UI1B0Z3NX3.,txn|reference,
L00647,legit,merchant_txn,Your ECS mandate for INR 199 with ICICI is registered. Mandate ID: J8LU25WSEV.,,
S00843,scam,news_sample,Pay INR 100 as token to release your prize. Pay here: http://refund-now.in/2i5o0f,phishing_link|refund_scam,
S00509,scam,synthetic,Rs 1500 credited. Please refund INR 750 to confirm identity: http://secure-pay.in/jyq3cf,phishing_link|refund_scam,
S00155,scam,synthetic,Someone sent you INR 50. Accept collect request at collect32@upi to receive funds.,collect_request,
S00529,scam,news_sample,Rs 100 credited. Please refund INR 5924 to confirm identity: http://tinyurl.com/jtsgdl,phishing_link|refund_scam,
L00832,legit,bank_dlt_template,Your ECS mandate for INR 999 with Flipkart is registered. Mandate ID: 6LE9CB61G9.,,
S00268,scam,synthetic,Install this app http://secure-pay.in/ngrz4b to get a refund from Zomato.,phishing_link|refund_scam,
S00591,scam,synthetic,Your UPI refund of INR 1500 is pending. Enter OTP 248539 to confirm refund: http://secure-pay.in/pebmkh,phishing_link|refund_scam|otp_request,
S00900,scam,synthetic,We detected unauthorised activity. Share your UPI PIN to secure your account.,,
L00563,legit,bank_dlt_template,Your account XXXX0644 has been credited with INR 999 by NEFT. Ref: OCZCECERT7.,txn|reference,
S00952,scam,honeypot,This is CustomerCare from Zomato. Send me the OTP you received to approve payment.,,
L00687,legit,bank_dlt_template,Your KYC for Gas is completed successfully.,,
L00958,legit,payment_app,You have received INR 12345 from Ramesh into your UPI ID pay77@upi.,,
L00190,legit,govt_service,Your KYC for Internet is completed successfully.,,
S00807,scam,synthetic,Bank blocked your account. Call immediate on +913369967498 and share OTP to reactivate.,,
L00976,legit,govt_service,Your a/c ending XXXX8954 is debited by INR 250 on 11/5/2025. Avl bal: INR 64079.,txn|balance,
L00700,legit,govt_service,Your a/c ending XXXX6129 is debited by INR 199 on 16/5/2025. Avl bal: INR 93230.,txn|balance,
S00500,scam,synthetic,Your payment failed. Retry here: http://bit.ly/0w2jkk and enter the OTP to complete.,phishing_link,
S00706,scam,honeypot,Bank blocked your account. Call immediate on +919126060498 and share OTP to reactivate.,,
L00511,legit,bank_dlt_template,Your a/c ending XXXX1998 is debited by INR 12345 on 18/1/2025. Avl bal: INR 85170.,txn|balance,
S00083,scam,crowd_report,Your payment failed. Retry here: http://example.com/4mlrys and enter the OTP to complete.,phishing_link,
L00475,legit,bank_dlt_template,Your KYC for Gas is completed successfully.,,
S00585,scam,crowd_report,Bank blocked your account. Call immediate on +917262753463 and share OTP to reactivate.,,
L00857,legit,merchant_txn,Your KYC for Internet is completed successfully.,,
L00748,legit,payment_app,Your account XXXX2495 has been credited with INR 50 by NEFT. Ref: 2AU1W14N53.,txn|reference,
L00253,legit,bank_dlt_template,Your KYC for Internet is completed successfully.,,
L00022,legit,merchant_txn,Txn of INR 499 to Rahul is successful. Ref: PDW5PY6B2K.,reference,
S00338,scam,crowd_report,Bank blocked your account. Call immediate on +911602958000 and share OTP to reactivate.,,
L00460,legit,payment_app,Your account XXXX4529 has been credited with INR 12345 by NEFT. Ref: 0WHS14ECI9.,txn|reference,
S00185,scam,crowd_report,Bank blocked your account. Call immediate on +911751383391 and share OTP to reactivate.,,
L00277,legit,govt_service,"Alert: A login to your netbanking from new device on 19/11/2025. If not you, call +917306952985.",,
L00956,legit,payment_app,Your account XXXX7150 has been credited with INR 12345 by NEFT. Ref: IYBHK3H3YS.,txn|reference,
S00216,scam,honeypot,Pay INR 999 as token to release your prize. Pay here: http://tinyurl.com/wlzi5l,phishing_link,
L00386,legit,bank_dlt_template,Your ECS mandate for INR 100 with Zomato is registered. Mandate ID: FG7TTN1E4J.,,
L00806,legit,payment_app,Txn of INR 499 to Asha is successful. Ref: R2YQ373ZN5.,reference,
S00438,scam,honeypot,We detected unauthorised activity. Share your UPI PIN to secure your account.,,
S00516,scam,news_sample,Rs 250 credited. Please refund INR 2366 to confirm identity: http://example.com/trenhh,phishing_link|refund_scam,
L00344,legit,govt_service,Your a/c ending XXXX8027 is debited by INR 499 on 26/5/2025. Avl bal: INR 23558.,txn|balance,
L00770,legit,govt_service,"Alert: A login to your netbanking from new device on 16/2/2025. If not you, call +915952206255.",,
S00333,scam,synthetic,Your UPI refund of INR 50 is pending. Enter OTP 505896 to confirm refund: http://secure-pay.in/rinzr3,phishing_link|refund_scam|otp_request,
S00686,scam,honeypot,We detected unauthorised activity. Share your UPI PIN to secure your account.,,
L00131,legit,payment_app,Payment of INR 199 to Axis Bank using UPI was successful. Txn ID: 98V341ONX0.,reference,
S00688,scam,news_sample,Rs 100 credited. Please refund INR 599 to confirm identity: http://secure-pay.in/1ybvy3,phishing_link|refund_scam,
L00872,legit,merchant_txn,Your KYC for Electricity is completed successfully.,,
S00124,scam,honeypot,Your payment failed. Retry here: http://secure-pay.in/ryx5q4 and enter the OTP to complete.,phishing_link,
S00397,scam,crowd_report,Rs 999 credited. Please refund INR 5128 to confirm identity: http://secure-pay.in/nlwdnf,phishing_link|refund_scam,
L00088,legit,merchant_txn,Your KYC for Mobile is completed successfully.,,
S00483,scam,crowd_report,Someone sent you INR 1500. Accept collect request at collect20@upi to receive funds.,collect_request,
L00331,legit,merchant_txn,Payment of INR 100 to Amazon using UPI was successful. Txn ID: P0NWNTJ5R2.,reference,
S00239,scam,synthetic,Install this app http://tinyurl.com/1gsz3x to get a refund from BookMyShow.,phishing_link|refund_scam,
L00467,legit,bank_dlt_template,"Dear Customer, your bill of INR 499 for Mobile is due on 5/1/2025. Pay at: http://bit.ly/bpe4sa",,
L00122,legit,bank_dlt_template,Txn of INR 5000 to Vijay is successful. Ref: 4JUW7WR0R3.,reference,
S00639,scam,synthetic,Congrats! You've won cashback INR 1500. Click http://refund-now.in/s1tszn to claim now.,phishing_link|refund_scam,
S00045,scam,news_sample,Pay INR 1500 as token to release your prize. Pay here: http://refund-now.in/b5qouy,phishing_link|refund_scam,
S00725,scam,news_sample,Install this app http://bit.ly/di3x0w to get a refund from Flipkart.,phishing_link|refund_scam,
S00096,scam,synthetic,Install this app http://refund-now.in/n2g0t5 to get a refund from BookMyShow.,phishing_link|refund_scam,
S00131,scam,honeypot,Rs 250 credited. Please refund INR 617 to confirm identity: http://example.com/q4cg5x,phishing_link|refund_scam,
S00295,scam,synthetic,Congrats! You've won cashback INR 50. Click http://bit.ly/vtq0pg to claim now.,phishing_link,
L00861,legit,payment_app,Payment of INR 499 to Flipkart using UPI was successful. Txn ID: 2YKCD3I4Z4.,reference,
S00460,scam,crowd_report,We detected unauthorised activity. Share your UPI PIN to secure your account.,,
S00127,scam,news_sample,Pay INR 499 as token to release your prize. Pay here: http://example.com/2peasb,phishing_link,
